measure_id,measure_name,location_id,location_name,sex_id,sex_name,age_id,age_name,cause_id,cause_name,metric_id,metric_name,year,val,upper,lower
6,Incidence,205,Côte d'Ivoire,3,Both,22,All ages,332,Meningitis,1,Number,1990,22234.055230837585,25657.098111320534,18961.516019031835
6,Incidence,205,Côte d'Ivoire,3,Both,22,All ages,332,Meningitis,2,Percent,1990,0.000291644945446,0.0003396616987362,0.0002456197146227
6,Incidence,205,Côte d'Ivoire,3,Both,22,All ages,332,Meningitis,3,Rate,1990,182.27425581698,210.33627991433,155.44605721484
6,Incidence,205,Côte d'Ivoire,3,Both,22,All ages,332,Meningitis,1,Number,1991,22712.828813589163,26270.097477606607,19400.28019316215
6,Incidence,205,Côte d'Ivoire,3,Both,22,All ages,332,Meningitis,2,Percent,1991,0.0002876210761886,0.0003354872200656,0.0002450891091466
6,Incidence,205,Côte d'Ivoire,3,Both,22,All ages,332,Meningitis,3,Rate,1991,179.2310673557,207.30212203389,153.09114309617
6,Incidence,205,Côte d'Ivoire,3,Both,22,All ages,332,Meningitis,1,Number,1992,23354.97155218949,26820.037313752386,20029.942768404504
6,Incidence,205,Côte d'Ivoire,3,Both,22,All ages,332,Meningitis,2,Percent,1992,0.0002861384237772,0.000334903666292,0.0002446081867227
6,Incidence,205,Côte d'Ivoire,3,Both,22,All ages,332,Meningitis,3,Rate,1992,177.55968609123,203.90337002737002,152.28065435386
6,Incidence,205,Côte d'Ivoire,3,Both,22,All ages,332,Meningitis,1,Number,1993,24229.14564780765,27744.223972173168,20775.552060046557
6,Incidence,205,Côte d'Ivoire,3,Both,22,All ages,332,Meningitis,2,Percent,1993,0.0002877916449357,0.000336229366762,0.0002447816169986
6,Incidence,205,Côte d'Ivoire,3,Both,22,All ages,332,Meningitis,3,Rate,1993,177.67300993026,203.44917864494002,152.3477105271
6,Incidence,205,Côte d'Ivoire,3,Both,22,All ages,332,Meningitis,1,Number,1994,25235.350454869986,29012.74958385956,21649.25733048134
6,Incidence,205,Côte d'Ivoire,3,Both,22,All ages,332,Meningitis,2,Percent,1994,0.0002911944586329,0.0003395683690768,0.0002472668156708
6,Incidence,205,Côte d'Ivoire,3,Both,22,All ages,332,Meningitis,3,Rate,1994,178.71496229352,205.46623504133,153.31850510334
6,Incidence,205,Côte d'Ivoire,3,Both,22,All ages,332,Meningitis,1,Number,1995,26152.72227002773,30070.850615757496,22409.290693495397
6,Incidence,205,Côte d'Ivoire,3,Both,22,All ages,332,Meningitis,2,Percent,1995,0.0002936337778911,0.0003424968271246,0.0002483553037139
6,Incidence,205,Côte d'Ivoire,3,Both,22,All ages,332,Meningitis,3,Rate,1995,179.09920799714,205.93135481176,153.46342050144
6,Incidence,205,Côte d'Ivoire,3,Both,22,All ages,332,Meningitis,1,Number,1996,26706.87910076297,30543.02218778562,22970.01487893588
6,Incidence,205,Côte d'Ivoire,3,Both,22,All ages,332,Meningitis,2,Percent,1996,0.0002925432177239,0.0003400915834017,0.0002484649559444
6,Incidence,205,Côte d'Ivoire,3,Both,22,All ages,332,Meningitis,3,Rate,1996,177.06752439136,202.50128462472,152.29198643917
6,Incidence,205,Côte d'Ivoire,3,Both,22,All ages,332,Meningitis,1,Number,1997,28661.97933070917,32763.18880093989,24598.36599532956
6,Incidence,205,Côte d'Ivoire,3,Both,22,All ages,332,Meningitis,2,Percent,1997,0.0003072532934783,0.0003579513577866,0.0002613944157484
6,Incidence,205,Côte d'Ivoire,3,Both,22,All ages,332,Meningitis,3,Rate,1997,184.19147400939,210.54721897826,158.07733438869
6,Incidence,205,Côte d'Ivoire,3,Both,22,All ages,332,Meningitis,1,Number,1998,30059.18006578353,34474.17391158641,25952.87811230964
6,Incidence,205,Côte d'Ivoire,3,Both,22,All ages,332,Meningitis,2,Percent,1998,0.0003159040274186,0.0003688370164152,0.000268817972788
6,Incidence,205,Côte d'Ivoire,3,Both,22,All ages,332,Meningitis,3,Rate,1998,187.48430024514,215.02137976478,161.87258539937
6,Incidence,205,Côte d'Ivoire,3,Both,22,All ages,332,Meningitis,1,Number,1999,32259.651622327576,37021.70355138956,27730.125835393068
6,Incidence,205,Côte d'Ivoire,3,Both,22,All ages,332,Meningitis,2,Percent,1999,0.0003324952742064,0.0003888732887086,0.0002832862496808
6,Incidence,205,Côte d'Ivoire,3,Both,22,All ages,332,Meningitis,3,Rate,1999,195.5750387562,224.44511154833,168.11466219361
6,Incidence,205,Côte d'Ivoire,3,Both,22,All ages,332,Meningitis,1,Number,2000,29335.591408260767,33715.95442296714,25098.04846480473
6,Incidence,205,Côte d'Ivoire,3,Both,22,All ages,332,Meningitis,2,Percent,2000,0.0002962735013404,0.0003459239619717,0.0002534051796719
6,Incidence,205,Côte d'Ivoire,3,Both,22,All ages,332,Meningitis,3,Rate,2000,173.08356225925,198.92823755564,148.08154277811
6,Incidence,205,Côte d'Ivoire,3,Both,22,All ages,332,Meningitis,1,Number,2001,29352.742394281304,33589.70572755292,25316.08980926792
6,Incidence,205,Côte d'Ivoire,3,Both,22,All ages,332,Meningitis,2,Percent,2001,0.0002893108306245,0.0003362735667694,0.0002489074406354
6,Incidence,205,Côte d'Ivoire,3,Both,22,All ages,332,Meningitis,3,Rate,2001,168.71926469361,193.07328683305002,145.51662669752
6,Incidence,205,Côte d'Ivoire,3,Both,22,All ages,332,Meningitis,1,Number,2002,29995.50097342552,34229.464381231664,25851.0937556753
6,Incidence,205,Côte d'Ivoire,3,Both,22,All ages,332,Meningitis,2,Percent,2002,0.0002887882374795,0.0003334818046376,0.0002492154187593
6,Incidence,205,Côte d'Ivoire,3,Both,22,All ages,332,Meningitis,3,Rate,2002,168.1275542217,191.8593102957,144.89776886701
6,Incidence,205,Côte d'Ivoire,3,Both,22,All ages,332,Meningitis,1,Number,2003,29993.61579705324,34099.5737262756,25963.004036414983
6,Incidence,205,Côte d'Ivoire,3,Both,22,All ages,332,Meningitis,2,Percent,2003,0.0002827217528122,0.0003248955660115,0.0002433173488261
6,Incidence,205,Côte d'Ivoire,3,Both,22,All ages,332,Meningitis,3,Rate,2003,164.07957613674,186.54115066715002,142.03018156783
6,Incidence,205,Côte d'Ivoire,3,Both,22,All ages,332,Meningitis,1,Number,2004,30407.30671522936,34483.26496857498,26348.107417233303
6,Incidence,205,Côte d'Ivoire,3,Both,22,All ages,332,Meningitis,2,Percent,2004,0.0002814325548681,0.0003231368080982,0.0002415239849686
6,Incidence,205,Côte d'Ivoire,3,Both,22,All ages,332,Meningitis,3,Rate,2004,162.45634012584,184.23285807087998,140.76935982306
6,Incidence,205,Côte d'Ivoire,3,Both,22,All ages,332,Meningitis,1,Number,2005,30963.95255913451,35246.42033158131,26910.799636437976
6,Incidence,205,Côte d'Ivoire,3,Both,22,All ages,332,Meningitis,2,Percent,2005,0.0002828214195905,0.0003261352342487,0.0002420888561468
6,Incidence,205,Côte d'Ivoire,3,Both,22,All ages,332,Meningitis,3,Rate,2005,161.62043845029,183.97334438859,140.46447164595
6,Incidence,205,Côte d'Ivoire,3,Both,22,All ages,332,Meningitis,1,Number,2006,31573.885529609823,35903.1887999582,27416.90586080542
6,Incidence,205,Côte d'Ivoire,3,Both,22,All ages,332,Meningitis,2,Percent,2006,0.0002838735556984,0.0003285584211801,0.0002430870767575
6,Incidence,205,Côte d'Ivoire,3,Both,22,All ages,332,Meningitis,3,Rate,2006,161.01163008974,183.08899450084,139.81303316392
6,Incidence,205,Côte d'Ivoire,3,Both,22,All ages,332,Meningitis,1,Number,2007,31491.20054838103,35733.371775064894,27235.97711090132
6,Incidence,205,Côte d'Ivoire,3,Both,22,All ages,332,Meningitis,2,Percent,2007,0.0002764949756686,0.0003207732814196,0.0002377344283336
6,Incidence,205,Côte d'Ivoire,3,Both,22,All ages,332,Meningitis,3,Rate,2007,156.88384378458,178.01762453747,135.68503912141
6,Incidence,205,Côte d'Ivoire,3,Both,22,All ages,332,Meningitis,1,Number,2008,31157.627999728997,35336.6213598174,26836.39981310364
6,Incidence,205,Côte d'Ivoire,3,Both,22,All ages,332,Meningitis,2,Percent,2008,0.0002663338072154,0.0003089487848259,0.0002278356254404
6,Incidence,205,Côte d'Ivoire,3,Both,22,All ages,332,Meningitis,3,Rate,2008,151.6305129886,171.96784120151,130.6009902443
6,Incidence,205,Côte d'Ivoire,3,Both,22,All ages,332,Meningitis,1,Number,2009,28023.227216506824,31965.07625181462,24033.639147114263
6,Incidence,205,Côte d'Ivoire,3,Both,22,All ages,332,Meningitis,2,Percent,2009,0.0002334910946115,0.000272712207402,0.0001990909310047
6,Incidence,205,Côte d'Ivoire,3,Both,22,All ages,332,Meningitis,3,Rate,2009,133.2219476042,151.96143116148,114.25551348737001
6,Incidence,205,Côte d'Ivoire,3,Both,22,All ages,332,Meningitis,1,Number,2010,26628.1677854742,30503.9560276762,22853.874147366907
6,Incidence,205,Côte d'Ivoire,3,Both,22,All ages,332,Meningitis,2,Percent,2010,0.0002169197071897,0.0002533628510504,0.0001845055368557
6,Incidence,205,Côte d'Ivoire,3,Both,22,All ages,332,Meningitis,3,Rate,2010,123.68377685156001,141.68622192905002,106.15275872560998
6,Incidence,205,Côte d'Ivoire,3,Both,22,All ages,332,Meningitis,1,Number,2011,25494.279607109373,29036.80634720932,21987.015429549545
6,Incidence,205,Côte d'Ivoire,3,Both,22,All ages,332,Meningitis,2,Percent,2011,0.0002035433090909,0.0002363145247466,0.0001730094613193
6,Incidence,205,Côte d'Ivoire,3,Both,22,All ages,332,Meningitis,3,Rate,2011,115.72440453428,131.80474898263,99.80412497559
6,Incidence,205,Côte d'Ivoire,3,Both,22,All ages,332,Meningitis,1,Number,2012,25820.215435104183,29431.2787385344,22351.229307509813
6,Incidence,205,Côte d'Ivoire,3,Both,22,All ages,332,Meningitis,2,Percent,2012,0.0002064552520425,0.0002382840465873,0.00017663365614
6,Incidence,205,Côte d'Ivoire,3,Both,22,All ages,332,Meningitis,3,Rate,2012,114.53195355534,130.54971822478,99.1444073496
6,Incidence,205,Côte d'Ivoire,3,Both,22,All ages,332,Meningitis,1,Number,2013,26984.55689756439,30630.48089320381,23402.056838060165
6,Incidence,205,Côte d'Ivoire,3,Both,22,All ages,332,Meningitis,2,Percent,2013,0.0002158673053809,0.0002477908803569,0.0001854738035334
6,Incidence,205,Côte d'Ivoire,3,Both,22,All ages,332,Meningitis,3,Rate,2013,116.94165884994999,132.74182194728002,101.41635297300002
6,Incidence,205,Côte d'Ivoire,3,Both,22,All ages,332,Meningitis,1,Number,2014,26977.494542583045,30702.93264449644,23489.516786745247
6,Incidence,205,Côte d'Ivoire,3,Both,22,All ages,332,Meningitis,2,Percent,2014,0.000213604927577,0.0002441508694925,0.0001850994187096
6,Incidence,205,Côte d'Ivoire,3,Both,22,All ages,332,Meningitis,3,Rate,2014,114.20270185971,129.97344351172,99.43719118137
6,Incidence,205,Côte d'Ivoire,3,Both,22,All ages,332,Meningitis,1,Number,2015,26673.128017378807,30401.36546732524,23231.85843748645
6,Incidence,205,Côte d'Ivoire,3,Both,22,All ages,332,Meningitis,2,Percent,2015,0.0002087221314482,0.0002384687307746,0.0001808846405609
6,Incidence,205,Côte d'Ivoire,3,Both,22,All ages,332,Meningitis,3,Rate,2015,110.27520976438,125.68893126628,96.04790487044
6,Incidence,205,Côte d'Ivoire,3,Both,22,All ages,332,Meningitis,1,Number,2016,25294.76703579794,28686.754448660955,22128.006778870487
6,Incidence,205,Côte d'Ivoire,3,Both,22,All ages,332,Meningitis,2,Percent,2016,0.0001942339298539,0.0002228516813778,0.0001685028894585
6,Incidence,205,Côte d'Ivoire,3,Both,22,All ages,332,Meningitis,3,Rate,2016,102.11207729975,115.80514197244999,89.32822885838999
6,Incidence,205,Côte d'Ivoire,3,Both,22,All ages,332,Meningitis,1,Number,2017,23736.961851525088,26729.24292781121,20821.910931813363
6,Incidence,205,Côte d'Ivoire,3,Both,22,All ages,332,Meningitis,2,Percent,2017,0.0001782798191829,0.0002042467882777,0.0001548481470457
6,Incidence,205,Côte d'Ivoire,3,Both,22,All ages,332,Meningitis,3,Rate,2017,93.55542003067,105.34901496050001,82.06621535021
6,Incidence,205,Côte d'Ivoire,3,Both,22,All ages,332,Meningitis,1,Number,2018,21969.577068915893,24566.5178017937,19271.5795022925
6,Incidence,205,Côte d'Ivoire,3,Both,22,All ages,332,Meningitis,2,Percent,2018,0.0001610151475871,0.0001844974135139,0.0001398139025621
6,Incidence,205,Côte d'Ivoire,3,Both,22,All ages,332,Meningitis,3,Rate,2018,84.54231687843999,94.53574486590999,74.16000662735
6,Incidence,205,Côte d'Ivoire,3,Both,22,All ages,332,Meningitis,1,Number,2019,20818.19151792719,23317.88975684585,18288.74602130865
6,Incidence,205,Côte d'Ivoire,3,Both,22,All ages,332,Meningitis,2,Percent,2019,0.0001489897973697,0.0001701535512034,0.000128882155489
6,Incidence,205,Côte d'Ivoire,3,Both,22,All ages,332,Meningitis,3,Rate,2019,78.22774389571,87.62076698719,68.72294064048
6,Incidence,205,Côte d'Ivoire,3,Both,22,All ages,332,Meningitis,1,Number,2020,20330.940676576087,23015.110438964184,17819.89624545676
6,Incidence,205,Côte d'Ivoire,3,Both,22,All ages,332,Meningitis,2,Percent,2020,0.0001335830692943,0.0001539267145597,0.0001158869840399
6,Incidence,205,Côte d'Ivoire,3,Both,22,All ages,332,Meningitis,3,Rate,2020,74.6413885845,84.49583464523,65.42254101037
6,Incidence,205,Côte d'Ivoire,3,Both,22,All ages,332,Meningitis,1,Number,2021,20148.182897801973,22611.984297948507,17713.538854935858
6,Incidence,205,Côte d'Ivoire,3,Both,22,All ages,332,Meningitis,2,Percent,2021,0.0001283573566491,0.0001458254022801,0.000111547240756
6,Incidence,205,Côte d'Ivoire,3,Both,22,All ages,332,Meningitis,3,Rate,2021,72.31452481254,81.15743776344,63.57626151899
6,Incidence,200,Benin,3,Both,22,All ages,332,Meningitis,1,Number,1990,15901.03131044712,18563.38511337195,13408.58508968979
6,Incidence,200,Benin,3,Both,22,All ages,332,Meningitis,2,Percent,1990,0.0005201038632771,0.0006173872486882,0.0004348646449594
6,Incidence,200,Benin,3,Both,22,All ages,332,Meningitis,3,Rate,1990,327.81328163722,382.69996917193004,276.42938338692
6,Incidence,200,Benin,3,Both,22,All ages,332,Meningitis,1,Number,1991,16401.530008944686,19167.73368521504,13850.751812064642
6,Incidence,200,Benin,3,Both,22,All ages,332,Meningitis,2,Percent,1991,0.0005193200662531,0.000613980132661,0.0004363484400607
6,Incidence,200,Benin,3,Both,22,All ages,332,Meningitis,3,Rate,1991,326.78494754737,381.89893525232,275.96310843737
6,Incidence,200,Benin,3,Both,22,All ages,332,Meningitis,1,Number,1992,16534.989651179167,19374.458007568428,13947.833773458571
6,Incidence,200,Benin,3,Both,22,All ages,332,Meningitis,2,Percent,1992,0.0005073481220431,0.0005982077535492,0.0004264920151714
6,Incidence,200,Benin,3,Both,22,All ages,332,Meningitis,3,Rate,1992,318.52490467860997,373.22354112393,268.68673745116
6,Incidence,200,Benin,3,Both,22,All ages,332,Meningitis,1,Number,1993,16897.201662637926,19873.43580362389,14273.36061675867
6,Incidence,200,Benin,3,Both,22,All ages,332,Meningitis,2,Percent,1993,0.0005029917991717,0.0005926320431258,0.0004220639220777
6,Incidence,200,Benin,3,Both,22,All ages,332,Meningitis,3,Rate,1993,314.88269238721,370.34540379939,265.98689594599
6,Incidence,200,Benin,3,Both,22,All ages,332,Meningitis,1,Number,1994,17649.40251276183,20836.451699357454,14956.443164721364
6,Incidence,200,Benin,3,Both,22,All ages,332,Meningitis,2,Percent,1994,0.0005101403549745,0.0006042503950765,0.0004261092025307
6,Incidence,200,Benin,3,Both,22,All ages,332,Meningitis,3,Rate,1994,318.34691296978997,375.832556991,269.77329725776
6,Incidence,200,Benin,3,Both,22,All ages,332,Meningitis,1,Number,1995,17506.698541071095,20630.85800046945,14805.26930897956
6,Incidence,200,Benin,3,Both,22,All ages,332,Meningitis,2,Percent,1995,0.0004915255020257,0.0005838640034792,0.0004096371993392
6,Incidence,200,Benin,3,Both,22,All ages,332,Meningitis,3,Rate,1995,305.76571925657,360.33116812942,258.58352495344
6,Incidence,200,Benin,3,Both,22,All ages,332,Meningitis,1,Number,1996,17809.509955060377,20997.94114136918,15072.622585307285
6,Incidence,200,Benin,3,Both,22,All ages,332,Meningitis,2,Percent,1996,0.0004861725598932,0.0005745011887566,0.0004071578637123
6,Incidence,200,Benin,3,Both,22,All ages,332,Meningitis,3,Rate,1996,301.27859471436,355.21641049809,254.97942181565
6,Incidence,200,Benin,3,Both,22,All ages,332,Meningitis,1,Number,1997,18271.904377138504,21510.69226608349,15498.167764398297
6,Incidence,200,Benin,3,Both,22,All ages,332,Meningitis,2,Percent,1997,0.0004855540396294,0.0005725185648171,0.0004095402435644
6,Incidence,200,Benin,3,Both,22,All ages,332,Meningitis,3,Rate,1997,299.42567409279,352.50039618384,253.97184848800998
6,Incidence,200,Benin,3,Both,22,All ages,332,Meningitis,1,Number,1998,18706.246353414503,21889.48557498356,15886.465536996491
6,Incidence,200,Benin,3,Both,22,All ages,332,Meningitis,2,Percent,1998,0.0004842136207902,0.0005717903944929,0.0004088942577609
6,Incidence,200,Benin,3,Both,22,All ages,332,Meningitis,3,Rate,1998,296.93211121578,347.46100539945,252.17254507054
6,Incidence,200,Benin,3,Both,22,All ages,332,Meningitis,1,Number,1999,18834.729965586303,21959.481899146813,15960.542882693866
6,Incidence,200,Benin,3,Both,22,All ages,332,Meningitis,2,Percent,1999,0.0004750143632815,0.0005592506071398,0.0003993936015555
6,Incidence,200,Benin,3,Both,22,All ages,332,Meningitis,3,Rate,1999,289.56107742221,337.60033990233,245.37394493047998
6,Incidence,200,Benin,3,Both,22,All ages,332,Meningitis,1,Number,2000,19903.44144205132,23343.958289252907,16886.278840533774
6,Incidence,200,Benin,3,Both,22,All ages,332,Meningitis,2,Percent,2000,0.0004902651207757,0.0005838268394346,0.000411860382056
6,Incidence,200,Benin,3,Both,22,All ages,332,Meningitis,3,Rate,2000,296.30509181125,347.52450847627,251.38820423404002
6,Incidence,200,Benin,3,Both,22,All ages,332,Meningitis,1,Number,2001,19969.60341247293,23338.092559367837,16971.60057101385
6,Incidence,200,Benin,3,Both,22,All ages,332,Meningitis,2,Percent,2001,0.0004774292197172,0.0005634819127828,0.0004016261585414
6,Incidence,200,Benin,3,Both,22,All ages,332,Meningitis,3,Rate,2001,287.80296398431,336.34980493057003,244.59559095924
6,Incidence,200,Benin,3,Both,22,All ages,332,Meningitis,1,Number,2002,20019.30243932066,23367.650685488952,16947.052030053248
6,Incidence,200,Benin,3,Both,22,All ages,332,Meningitis,2,Percent,2002,0.0004653392003757,0.0005460014494766,0.0003906442409625
6,Incidence,200,Benin,3,Both,22,All ages,332,Meningitis,3,Rate,2002,279.19980284016003,325.89764223811,236.35257021840002
6,Incidence,200,Benin,3,Both,22,All ages,332,Meningitis,1,Number,2003,20162.01956124154,23529.70074637481,17134.654158728765
6,Incidence,200,Benin,3,Both,22,All ages,332,Meningitis,2,Percent,2003,0.0004553495731201,0.0005341330227939,0.0003816236919574
6,Incidence,200,Benin,3,Both,22,All ages,332,Meningitis,3,Rate,2003,271.98860467683,317.41911840878,231.14900082786
6,Incidence,200,Benin,3,Both,22,All ages,332,Meningitis,1,Number,2004,20630.920990340444,24035.83617803429,17511.924657294974
6,Incidence,200,Benin,3,Both,22,All ages,332,Meningitis,2,Percent,2004,0.0004529731620155,0.0005291932418606,0.0003797914645121
6,Incidence,200,Benin,3,Both,22,All ages,332,Meningitis,3,Rate,2004,269.1193025304,313.53459552272,228.43366769435997
6,Incidence,200,Benin,3,Both,22,All ages,332,Meningitis,1,Number,2005,19788.089422328798,23005.142990305496,16760.700272239486
6,Incidence,200,Benin,3,Both,22,All ages,332,Meningitis,2,Percent,2005,0.0004221622196347,0.0004936741169368,0.0003544744534168
6,Incidence,200,Benin,3,Both,22,All ages,332,Meningitis,3,Rate,2005,249.5414578885,290.11072257720997,211.36399234417
6,Incidence,200,Benin,3,Both,22,All ages,332,Meningitis,1,Number,2006,19525.24101810615,22673.508513996087,16596.091340756877
6,Incidence,200,Benin,3,Both,22,All ages,332,Meningitis,2,Percent,2006,0.0004050444142409,0.0004744581764223,0.0003400622303328
6,Incidence,200,Benin,3,Both,22,All ages,332,Meningitis,3,Rate,2006,238.00862642912,276.38535231093,202.30290117509003
6,Incidence,200,Benin,3,Both,22,All ages,332,Meningitis,1,Number,2007,19084.779123132263,22159.60163379116,16251.513284108418
6,Incidence,200,Benin,3,Both,22,All ages,332,Meningitis,2,Percent,2007,0.0003849980617252,0.000454343303688,0.0003231526922197
6,Incidence,200,Benin,3,Both,22,All ages,332,Meningitis,3,Rate,2007,224.86147724018,261.08977873307,191.47925479649
6,Incidence,200,Benin,3,Both,22,All ages,332,Meningitis,1,Number,2008,18546.4457358748,21599.03601055229,15800.284706348615
6,Incidence,200,Benin,3,Both,22,All ages,332,Meningitis,2,Percent,2008,0.0003647272606066,0.000429925897827,0.0003063059984153
6,Incidence,200,Benin,3,Both,22,All ages,332,Meningitis,3,Rate,2008,211.19852970161,245.96004611153,179.92649084201
6,Incidence,200,Benin,3,Both,22,All ages,332,Meningitis,1,Number,2009,18655.72976689807,21829.34924940554,15954.775472594069
6,Incidence,200,Benin,3,Both,22,All ages,332,Meningitis,2,Percent,2009,0.0003584081389973,0.0004232086919443,0.0003012291802106
6,Incidence,200,Benin,3,Both,22,All ages,332,Meningitis,3,Rate,2009,205.31434479652,240.24139470698,175.5891789526
6,Incidence,200,Benin,3,Both,22,All ages,332,Meningitis,1,Number,2010,18681.625610517945,21800.075743598936,16030.475729054637
6,Incidence,200,Benin,3,Both,22,All ages,332,Meningitis,2,Percent,2010,0.0003506942982893,0.00041562951094,0.0002955350524114
6,Incidence,200,Benin,3,Both,22,All ages,332,Meningitis,3,Rate,2010,198.70704554926,231.87642949668003,170.50809909584
6,Incidence,200,Benin,3,Both,22,All ages,332,Meningitis,1,Number,2011,18353.76349471252,21321.00519231667,15794.652500996128
6,Incidence,200,Benin,3,Both,22,All ages,332,Meningitis,2,Percent,2011,0.0003365466434051,0.0003960215112243,0.0002856982013107
6,Incidence,200,Benin,3,Both,22,All ages,332,Meningitis,3,Rate,2011,188.69436779058,219.20047060554,162.38424173908
6,Incidence,200,Benin,3,Both,22,All ages,332,Meningitis,1,Number,2012,18155.349300180467,20991.88015985444,15638.314255747047
6,Incidence,200,Benin,3,Both,22,All ages,332,Meningitis,2,Percent,2012,0.0003254120210437,0.0003821774744479,0.0002784149549687
6,Incidence,200,Benin,3,Both,22,All ages,332,Meningitis,3,Rate,2012,180.44071101134,208.63216228350998,155.42463527803
6,Incidence,200,Benin,3,Both,22,All ages,332,Meningitis,1,Number,2013,17457.558091367147,19979.99418592601,15078.096525511904
6,Incidence,200,Benin,3,Both,22,All ages,332,Meningitis,2,Percent,2013,0.0003048938415929,0.0003559500469728,0.0002635040374133
6,Incidence,200,Benin,3,Both,22,All ages,332,Meningitis,3,Rate,2013,167.7575523407,191.99677886622,144.89223256988998
6,Incidence,200,Benin,3,Both,22,All ages,332,Meningitis,1,Number,2014,16742.832280616465,19081.87239294839,14507.450908315766
6,Incidence,200,Benin,3,Both,22,All ages,332,Meningitis,2,Percent,2014,0.0002844158504931,0.0003290412822923,0.0002461075709357
6,Incidence,200,Benin,3,Both,22,All ages,332,Meningitis,3,Rate,2014,155.59116326269,177.32786622286,134.81776111527
6,Incidence,200,Benin,3,Both,22,All ages,332,Meningitis,1,Number,2015,16404.959551489657,18616.48406687464,14234.89246620038
6,Incidence,200,Benin,3,Both,22,All ages,332,Meningitis,2,Percent,2015,0.0002707167960212,0.0003099588528692,0.0002336406683996
6,Incidence,200,Benin,3,Both,22,All ages,332,Meningitis,3,Rate,2015,147.46446717494,167.34389956744002,127.95769634374001
6,Incidence,200,Benin,3,Both,22,All ages,332,Meningitis,1,Number,2016,16544.302600269042,18749.622988852083,14357.433941284611
6,Incidence,200,Benin,3,Both,22,All ages,332,Meningitis,2,Percent,2016,0.0002636268185491,0.0003028590550949,0.0002287093837897
6,Incidence,200,Benin,3,Both,22,All ages,332,Meningitis,3,Rate,2016,143.88712015873,163.06696759065,124.86774889182001
6,Incidence,200,Benin,3,Both,22,All ages,332,Meningitis,1,Number,2017,16612.567451353905,18775.26110843417,14540.311347842811
6,Incidence,200,Benin,3,Both,22,All ages,332,Meningitis,2,Percent,2017,0.0002561098779851,0.0002948739956063,0.0002218438226927
6,Incidence,200,Benin,3,Both,22,All ages,332,Meningitis,3,Rate,2017,139.82343053584,158.02623074818,122.38181844366001
6,Incidence,200,Benin,3,Both,22,All ages,332,Meningitis,1,Number,2018,16537.31018520903,18692.7559018674,14476.637783945387
6,Incidence,200,Benin,3,Both,22,All ages,332,Meningitis,2,Percent,2018,0.0002472101598084,0.0002849342950478,0.0002131003767663
6,Incidence,200,Benin,3,Both,22,All ages,332,Meningitis,3,Rate,2018,134.73472466389,152.2958263128,117.94577135181999
6,Incidence,200,Benin,3,Both,22,All ages,332,Meningitis,1,Number,2019,16839.046299865346,19074.68033960474,14671.930263516477
6,Incidence,200,Benin,3,Both,22,All ages,332,Meningitis,2,Percent,2019,0.0002443578838259,0.0002817451075289,0.0002111326612244
6,Incidence,200,Benin,3,Both,22,All ages,332,Meningitis,3,Rate,2019,132.83413661619002,150.46984544258,115.73892929214
6,Incidence,200,Benin,3,Both,22,All ages,332,Meningitis,1,Number,2020,17341.261734975258,19683.87975577051,15049.120725170927
6,Incidence,200,Benin,3,Both,22,All ages,332,Meningitis,2,Percent,2020,0.0002421265892634,0.0002759274090008,0.0002087738318423
6,Incidence,200,Benin,3,Both,22,All ages,332,Meningitis,3,Rate,2020,132.51092695494,150.41172853335001,114.99583868959
6,Incidence,200,Benin,3,Both,22,All ages,332,Meningitis,1,Number,2021,17730.25706263331,20074.50458466893,15595.040256950531
6,Incidence,200,Benin,3,Both,22,All ages,332,Meningitis,2,Percent,2021,0.0002344780195896,0.0002688604978572,0.0002030455218931
6,Incidence,200,Benin,3,Both,22,All ages,332,Meningitis,3,Rate,2021,131.34326865978,148.7091269778,115.52588070172
6,Incidence,207,Ghana,3,Both,22,All ages,332,Meningitis,1,Number,1990,34739.79072940177,39890.94778772969,30197.410738050286
6,Incidence,207,Ghana,3,Both,22,All ages,332,Meningitis,2,Percent,1990,0.0003868970278174,0.0004503955279304,0.0003312610268291
6,Incidence,207,Ghana,3,Both,22,All ages,332,Meningitis,3,Rate,1990,232.0391496021,266.44551988198003,201.69901316971
6,Incidence,207,Ghana,3,Both,22,All ages,332,Meningitis,1,Number,1991,34713.563332005935,39651.99223929053,30344.434043808644
6,Incidence,207,Ghana,3,Both,22,All ages,332,Meningitis,2,Percent,1991,0.0003788976771695,0.0004376882874404,0.0003251052918431
6,Incidence,207,Ghana,3,Both,22,All ages,332,Meningitis,3,Rate,1991,226.4265237593,258.63846580668,197.9279583104
6,Incidence,207,Ghana,3,Both,22,All ages,332,Meningitis,1,Number,1992,35993.54870557692,41091.10284028031,31619.193622565253
6,Incidence,207,Ghana,3,Both,22,All ages,332,Meningitis,2,Percent,1992,0.0003850975709611,0.0004439592702329,0.0003314651068796
6,Incidence,207,Ghana,3,Both,22,All ages,332,Meningitis,3,Rate,1992,229.24939260290998,261.71663273808997,201.38833744514002
6,Incidence,207,Ghana,3,Both,22,All ages,332,Meningitis,1,Number,1993,35517.95168544292,40694.60085535192,31267.9112168688
6,Incidence,207,Ghana,3,Both,22,All ages,332,Meningitis,2,Percent,1993,0.000372451181387,0.0004306060685844,0.0003213580567835
6,Incidence,207,Ghana,3,Both,22,All ages,332,Meningitis,3,Rate,1993,220.86593872331002,253.05657540413998,194.4373544959
6,Incidence,207,Ghana,3,Both,22,All ages,332,Meningitis,1,Number,1994,35431.41164740229,40503.16051625238,31165.728480746708
6,Incidence,207,Ghana,3,Both,22,All ages,332,Meningitis,2,Percent,1994,0.0003641388144669,0.0004194899747329,0.0003150651401795
6,Incidence,207,Ghana,3,Both,22,All ages,332,Meningitis,3,Rate,1994,215.08866368430998,245.87704145483997,189.19355961261002
6,Incidence,207,Ghana,3,Both,22,All ages,332,Meningitis,1,Number,1995,35190.24066368014,40369.42666710532,30906.779516696075
6,Incidence,207,Ghana,3,Both,22,All ages,332,Meningitis,2,Percent,1995,0.0003543859119704,0.0004084891984145,0.0003059432475778
6,Incidence,207,Ghana,3,Both,22,All ages,332,Meningitis,3,Rate,1995,208.50902693047001,239.19671230855002,183.12868571064
6,Incidence,207,Ghana,3,Both,22,All ages,332,Meningitis,1,Number,1996,35638.40700056327,40593.010921735695,31371.21011603996
6,Incidence,207,Ghana,3,Both,22,All ages,332,Meningitis,2,Percent,1996,0.0003516363563189,0.0004053588224649,0.0003056591847511
6,Incidence,207,Ghana,3,Both,22,All ages,332,Meningitis,3,Rate,1996,206.04977459167998,234.69569642349,181.37821853193
6,Incidence,207,Ghana,3,Both,22,All ages,332,Meningitis,1,Number,1997,43082.396642949774,49129.5972002075,37774.0048184014
6,Incidence,207,Ghana,3,Both,22,All ages,332,Meningitis,2,Percent,1997,0.0004166086110003,0.0004785595118127,0.0003596803498719
6,Incidence,207,Ghana,3,Both,22,All ages,332,Meningitis,3,Rate,1997,243.00171707074998,277.11031439562,213.06029252698002
6,Incidence,207,Ghana,3,Both,22,All ages,332,Meningitis,1,Number,1998,37086.61733967684,42303.06906446937,32613.5287496828
6,Incidence,207,Ghana,3,Both,22,All ages,332,Meningitis,2,Percent,1998,0.0003515480907653,0.0004029596040135,0.0003054523746758
6,Incidence,207,Ghana,3,Both,22,All ages,332,Meningitis,3,Rate,1998,204.00051773477,232.69439517442999,179.39562104456
6,Incidence,207,Ghana,3,Both,22,All ages,332,Meningitis,1,Number,1999,37121.99410879945,42132.61998516788,32376.02521636263
6,Incidence,207,Ghana,3,Both,22,All ages,332,Meningitis,2,Percent,1999,0.0003449562272614,0.0003938606871624,0.0002983346950937
6,Incidence,207,Ghana,3,Both,22,All ages,332,Meningitis,3,Rate,1999,199.04286338259,225.90912813249,173.5956518156
6,Incidence,207,Ghana,3,Both,22,All ages,332,Meningitis,1,Number,2000,37906.23564154266,42964.34009780406,32876.92482729243
6,Incidence,207,Ghana,3,Both,22,All ages,332,Meningitis,2,Percent,2000,0.000346727250421,0.0003965439209017,0.0002966943258278
6,Incidence,207,Ghana,3,Both,22,All ages,332,Meningitis,3,Rate,2000,198.03397267332,224.45908460325,171.75928769079
6,Incidence,207,Ghana,3,Both,22,All ages,332,Meningitis,1,Number,2001,36495.69713255946,41334.475275554745,31856.67716000921
6,Incidence,207,Ghana,3,Both,22,All ages,332,Meningitis,2,Percent,2001,0.0003281320009436,0.000375746701399,0.000283763311207
6,Incidence,207,Ghana,3,Both,22,All ages,332,Meningitis,3,Rate,2001,185.68584348056999,210.30498139246998,162.08305180358
6,Incidence,207,Ghana,3,Both,22,All ages,332,Meningitis,1,Number,2002,35604.307692140035,40313.229508044766,31434.05664005244
6,Incidence,207,Ghana,3,Both,22,All ages,332,Meningitis,2,Percent,2002,0.0003158779174793,0.0003610756538375,0.0002754673418872
6,Incidence,207,Ghana,3,Both,22,All ages,332,Meningitis,3,Rate,2002,176.34322508448,199.66586533541002,155.68854682768
6,Incidence,207,Ghana,3,Both,22,All ages,332,Meningitis,1,Number,2003,34834.692599052345,39346.16836188102,30967.376983836777
6,Incidence,207,Ghana,3,Both,22,All ages,332,Meningitis,2,Percent,2003,0.0003052544784766,0.000348131791358,0.0002671063266592
6,Incidence,207,Ghana,3,Both,22,All ages,332,Meningitis,3,Rate,2003,167.87613084893002,189.61793589942,149.2386768106
6,Incidence,207,Ghana,3,Both,22,All ages,332,Meningitis,1,Number,2004,34493.065595192864,38986.38964587261,30702.630502372624
6,Incidence,207,Ghana,3,Both,22,All ages,332,Meningitis,2,Percent,2004,0.0002975327687718,0.0003382630675657,0.0002607222444773
6,Incidence,207,Ghana,3,Both,22,All ages,332,Meningitis,3,Rate,2004,161.66816320896,182.72826423046,143.90248571277002
6,Incidence,207,Ghana,3,Both,22,All ages,332,Meningitis,1,Number,2005,34874.5365427399,39206.95187025759,31088.644115793213
6,Incidence,207,Ghana,3,Both,22,All ages,332,Meningitis,2,Percent,2005,0.000295183538028,0.0003358246801003,0.0002590305785666
6,Incidence,207,Ghana,3,Both,22,All ages,332,Meningitis,3,Rate,2005,158.90066735637,178.64067697525,141.65080849605
6,Incidence,207,Ghana,3,Both,22,All ages,332,Meningitis,1,Number,2006,35917.61542414697,40377.03645617492,32078.432441022374
6,Incidence,207,Ghana,3,Both,22,All ages,332,Meningitis,2,Percent,2006,0.0002971423808867,0.0003370427759894,0.0002614518035826
6,Incidence,207,Ghana,3,Both,22,All ages,332,Meningitis,3,Rate,2006,159.03394435401,178.77911139486,142.03503154499
6,Incidence,207,Ghana,3,Both,22,All ages,332,Meningitis,1,Number,2007,37007.92132714766,41504.399006275286,33117.87164706235
6,Incidence,207,Ghana,3,Both,22,All ages,332,Meningitis,2,Percent,2007,0.000298646516069,0.0003372467040695,0.0002635402247542
6,Incidence,207,Ghana,3,Both,22,All ages,332,Meningitis,3,Rate,2007,159.18949341929002,178.53108241543,142.45645314733
6,Incidence,207,Ghana,3,Both,22,All ages,332,Meningitis,1,Number,2008,36131.42396249218,40569.974102507695,32334.235591528217
6,Incidence,207,Ghana,3,Both,22,All ages,332,Meningitis,2,Percent,2008,0.0002833067310723,0.0003197112637249,0.0002511893699535
6,Incidence,207,Ghana,3,Both,22,All ages,332,Meningitis,3,Rate,2008,150.95429600855002,169.49821535089,135.08993655386
6,Incidence,207,Ghana,3,Both,22,All ages,332,Meningitis,1,Number,2009,36038.18576538465,40353.822030561416,32122.310199425985
6,Incidence,207,Ghana,3,Both,22,All ages,332,Meningitis,2,Percent,2009,0.0002744118321179,0.0003102721145378,0.000243135681395
6,Incidence,207,Ghana,3,Both,22,All ages,332,Meningitis,3,Rate,2009,146.22223472366,163.73260505852,130.333863431
6,Incidence,207,Ghana,3,Both,22,All ages,332,Meningitis,1,Number,2010,35681.57123535104,39957.354068638015,31837.29684793782
6,Incidence,207,Ghana,3,Both,22,All ages,332,Meningitis,2,Percent,2010,0.0002641991261628,0.0002983342121487,0.0002343223041962
6,Incidence,207,Ghana,3,Both,22,All ages,332,Meningitis,3,Rate,2010,140.60107060433,157.44953392078,125.45294018703999
6,Incidence,207,Ghana,3,Both,22,All ages,332,Meningitis,1,Number,2011,35786.83403965262,39942.8663961198,32070.94213197444
6,Incidence,207,Ghana,3,Both,22,All ages,332,Meningitis,2,Percent,2011,0.0002593776426096,0.0002927091968559,0.0002303211505083
6,Incidence,207,Ghana,3,Both,22,All ages,332,Meningitis,3,Rate,2011,136.96408848656998,152.87013881764,122.74255250253
6,Incidence,207,Ghana,3,Both,22,All ages,332,Meningitis,1,Number,2012,34400.17562937894,38365.27026535766,30958.855521434423
6,Incidence,207,Ghana,3,Both,22,All ages,332,Meningitis,2,Percent,2012,0.0002458339498022,0.000276856214952,0.0002181618702194
6,Incidence,207,Ghana,3,Both,22,All ages,332,Meningitis,3,Rate,2012,127.88817041882001,142.62904569795,115.09451095696
6,Incidence,207,Ghana,3,Both,22,All ages,332,Meningitis,1,Number,2013,33325.41286935569,37096.3464464703,30012.469877999247
6,Incidence,207,Ghana,3,Both,22,All ages,332,Meningitis,2,Percent,2013,0.0002361367975166,0.0002648256356516,0.0002091831617071
6,Incidence,207,Ghana,3,Both,22,All ages,332,Meningitis,3,Rate,2013,120.36950370976,133.98990220202998,108.40334127236
6,Incidence,207,Ghana,3,Both,22,All ages,332,Meningitis,1,Number,2014,32383.609143192185,35985.260673702694,29201.727103760968
6,Incidence,207,Ghana,3,Both,22,All ages,332,Meningitis,2,Percent,2014,0.0002278603949181,0.00025488016538,0.0002014018987893
6,Incidence,207,Ghana,3,Both,22,All ages,332,Meningitis,3,Rate,2014,113.6760884336,126.31895526413,102.50673721953
6,Incidence,207,Ghana,3,Both,22,All ages,332,Meningitis,1,Number,2015,31698.30779476676,35357.09104117143,28561.75859713514
6,Incidence,207,Ghana,3,Both,22,All ages,332,Meningitis,2,Percent,2015,0.0002205351608655,0.0002479130679734,0.0001941044145089
6,Incidence,207,Ghana,3,Both,22,All ages,332,Meningitis,3,Rate,2015,108.181685469,120.66857722753,97.47710209019
6,Incidence,207,Ghana,3,Both,22,All ages,332,Meningitis,1,Number,2016,31188.87324835791,34799.03736933399,28065.908834764425
6,Incidence,207,Ghana,3,Both,22,All ages,332,Meningitis,2,Percent,2016,0.0002138274534823,0.0002406698471354,0.0001887527255166
6,Incidence,207,Ghana,3,Both,22,All ages,332,Meningitis,3,Rate,2016,103.53571252905999,115.52014401638999,93.16860682474
6,Incidence,207,Ghana,3,Both,22,All ages,332,Meningitis,1,Number,2017,31098.21750073469,34756.13431759784,27800.396267974374
6,Incidence,207,Ghana,3,Both,22,All ages,332,Meningitis,2,Percent,2017,0.0002096180890551,0.0002372870756688,0.0001856651166875
6,Incidence,207,Ghana,3,Both,22,All ages,332,Meningitis,3,Rate,2017,100.46846855740999,112.28603658014,89.81425505389001
6,Incidence,207,Ghana,3,Both,22,All ages,332,Meningitis,1,Number,2018,30795.4076938121,34523.29820665087,27501.214496536915
6,Incidence,207,Ghana,3,Both,22,All ages,332,Meningitis,2,Percent,2018,0.000203479791245,0.000230094308583,0.0001793806540833
6,Incidence,207,Ghana,3,Both,22,All ages,332,Meningitis,3,Rate,2018,96.88087273030999,108.60863713979,86.51749923426
6,Incidence,207,Ghana,3,Both,22,All ages,332,Meningitis,1,Number,2019,30543.904518136173,34227.6707462271,27097.074778524464
6,Incidence,207,Ghana,3,Both,22,All ages,332,Meningitis,2,Percent,2019,0.00019695965446,0.0002228767892883,0.0001731619773896
6,Incidence,207,Ghana,3,Both,22,All ages,332,Meningitis,3,Rate,2019,93.62910978381001,104.92130565820999,83.06321766269001
6,Incidence,207,Ghana,3,Both,22,All ages,332,Meningitis,1,Number,2020,30926.95115408013,34702.22609543704,27630.435881469515
6,Incidence,207,Ghana,3,Both,22,All ages,332,Meningitis,2,Percent,2020,0.0001832540603846,0.0002069346834458,0.0001596801828056
6,Incidence,207,Ghana,3,Both,22,All ages,332,Meningitis,3,Rate,2020,92.47033531983,103.75825497323001,82.61388774676
6,Incidence,207,Ghana,3,Both,22,All ages,332,Meningitis,1,Number,2021,31540.174129792053,35426.40494398586,28003.148403805066
6,Incidence,207,Ghana,3,Both,22,All ages,332,Meningitis,2,Percent,2021,0.0001755028295644,0.0002017841014331,0.0001520698251003
6,Incidence,207,Ghana,3,Both,22,All ages,332,Meningitis,3,Rate,2021,92.09901849632,103.44702317647001,81.77071160686
6,Incidence,214,Nigeria,3,Both,22,All ages,332,Meningitis,1,Number,1990,344260.57244223764,413650.4063458144,279198.32780023647
6,Incidence,214,Nigeria,3,Both,22,All ages,332,Meningitis,2,Percent,1990,0.0005718880702449,0.0006928979179746,0.0004592890851131
6,Incidence,214,Nigeria,3,Both,22,All ages,332,Meningitis,3,Rate,1990,382.3342660837,459.39830809985,310.07642552273
6,Incidence,214,Nigeria,3,Both,22,All ages,332,Meningitis,1,Number,1991,350550.3962685761,420681.8598320441,284530.98269119306
6,Incidence,214,Nigeria,3,Both,22,All ages,332,Meningitis,2,Percent,1991,0.0005673543908529,0.0006870904342134,0.0004555575063255
6,Incidence,214,Nigeria,3,Both,22,All ages,332,Meningitis,3,Rate,1991,378.09323849736,453.73495067776,306.88666121526
6,Incidence,214,Nigeria,3,Both,22,All ages,332,Meningitis,1,Number,1992,356413.28047459817,427289.8589181969,289990.33480994846
6,Incidence,214,Nigeria,3,Both,22,All ages,332,Meningitis,2,Percent,1992,0.0005617766877859,0.0006805292595598,0.0004509424119374
6,Incidence,214,Nigeria,3,Both,22,All ages,332,Meningitis,3,Rate,1992,373.12073808429,447.31977249331,303.58410780181
6,Incidence,214,Nigeria,3,Both,22,All ages,332,Meningitis,1,Number,1993,362733.8962674345,434511.8888992665,295459.319093148
6,Incidence,214,Nigeria,3,Both,22,All ages,332,Meningitis,2,Percent,1993,0.0005565130218109,0.0006748665247144,0.0004465767270845
6,Incidence,214,Nigeria,3,Both,22,All ages,332,Meningitis,3,Rate,1993,368.38003556823,441.27528950181005,300.05829506558
6,Incidence,214,Nigeria,3,Both,22,All ages,332,Meningitis,1,Number,1994,370396.85010188667,443519.7469250421,302031.9391982509
6,Incidence,214,Nigeria,3,Both,22,All ages,332,Meningitis,2,Percent,1994,0.0005527852842039,0.0006712340683547,0.0004434213255013
6,Incidence,214,Nigeria,3,Both,22,All ages,332,Meningitis,3,Rate,1994,364.76703782116,436.77851001308005,297.44123298679
6,Incidence,214,Nigeria,3,Both,22,All ages,332,Meningitis,1,Number,1995,378754.5449451256,453544.8266881111,309028.1613281407
6,Incidence,214,Nigeria,3,Both,22,All ages,332,Meningitis,2,Percent,1995,0.0005497549123913,0.0006684277046368,0.0004407861946388
6,Incidence,214,Nigeria,3,Both,22,All ages,332,Meningitis,3,Rate,1995,361.58801682252,432.98853204791004,295.02188551464
6,Incidence,214,Nigeria,3,Both,22,All ages,332,Meningitis,1,Number,1996,444587.3490024504,530518.9185870034,365224.18631439295
6,Incidence,214,Nigeria,3,Both,22,All ages,332,Meningitis,2,Percent,1996,0.0006275399522677,0.0007629100483822,0.0005041858794706
6,Incidence,214,Nigeria,3,Both,22,All ages,332,Meningitis,3,Rate,1996,411.3894874924,490.90444546439,337.95246572992
6,Incidence,214,Nigeria,3,Both,22,All ages,332,Meningitis,1,Number,1997,392004.0707989996,470760.2388025572,319786.37329123274
6,Incidence,214,Nigeria,3,Both,22,All ages,332,Meningitis,2,Percent,1997,0.0005382849189315,0.0006541404650686,0.0004315546282215
6,Incidence,214,Nigeria,3,Both,22,All ages,332,Meningitis,3,Rate,1997,351.51135828638,422.13227692106,286.7535079622
6,Incidence,214,Nigeria,3,Both,22,All ages,332,Meningitis,1,Number,1998,402009.3752411918,483295.6805666139,327878.5628184477
6,Incidence,214,Nigeria,3,Both,22,All ages,332,Meningitis,2,Percent,1998,0.0005371230887028,0.0006525838679485,0.0004308282072649
6,Incidence,214,Nigeria,3,Both,22,All ages,332,Meningitis,3,Rate,1998,349.26454133567,419.88583997908,284.85991349798
6,Incidence,214,Nigeria,3,Both,22,All ages,332,Meningitis,1,Number,1999,408461.8002506715,491664.56296409504,332709.1926465175
6,Incidence,214,Nigeria,3,Both,22,All ages,332,Meningitis,2,Percent,1999,0.0005310107776571,0.0006450254907978,0.0004259415880193
6,Incidence,214,Nigeria,3,Both,22,All ages,332,Meningitis,3,Rate,1999,343.82168352559,413.85739783854,280.05711836447
6,Incidence,214,Nigeria,3,Both,22,All ages,332,Meningitis,1,Number,2000,418513.2662050933,503831.7328895187,340796.44192774873
6,Incidence,214,Nigeria,3,Both,22,All ages,332,Meningitis,2,Percent,2000,0.0005306674627237,0.0006433125650888,0.0004258434919338
6,Incidence,214,Nigeria,3,Both,22,All ages,332,Meningitis,3,Rate,2000,341.32654312774,410.90965948249,277.94309243336
6,Incidence,214,Nigeria,3,Both,22,All ages,332,Meningitis,1,Number,2001,425923.9394618876,512131.05495850265,346896.731182161
6,Incidence,214,Nigeria,3,Both,22,All ages,332,Meningitis,2,Percent,2001,0.0005277316058578,0.0006390573151083,0.0004228663933954
6,Incidence,214,Nigeria,3,Both,22,All ages,332,Meningitis,3,Rate,2001,336.5775314293,404.70091083397,274.12792431836
6,Incidence,214,Nigeria,3,Both,22,All ages,332,Meningitis,1,Number,2002,432605.9299429193,519254.324272071,352950.3606441781
6,Incidence,214,Nigeria,3,Both,22,All ages,332,Meningitis,2,Percent,2002,0.0005261972376725,0.0006365780535182,0.0004209368685638
6,Incidence,214,Nigeria,3,Both,22,All ages,332,Meningitis,3,Rate,2002,331.23646229847,397.58115527394006,270.24601544914
6,Incidence,214,Nigeria,3,Both,22,All ages,332,Meningitis,1,Number,2003,437506.8964962157,523771.50541089085,357215.6252197289
6,Incidence,214,Nigeria,3,Both,22,All ages,332,Meningitis,2,Percent,2003,0.0005221731824086,0.0006303567212999,0.0004170604738533
6,Incidence,214,Nigeria,3,Both,22,All ages,332,Meningitis,3,Rate,2003,324.57370283787,388.57091925556,265.00793271521997
6,Incidence,214,Nigeria,3,Both,22,All ages,332,Meningitis,1,Number,2004,439649.3657749235,526226.8220773814,359039.3017505596
6,Incidence,214,Nigeria,3,Both,22,All ages,332,Meningitis,2,Percent,2004,0.0005135078956895,0.0006206221326669,0.0004100811818683
6,Incidence,214,Nigeria,3,Both,22,All ages,332,Meningitis,3,Rate,2004,316.02214137061003,378.25444571363,258.07922814907
6,Incidence,214,Nigeria,3,Both,22,All ages,332,Meningitis,1,Number,2005,441813.3629120236,529113.1558741495,361393.5015641953
6,Incidence,214,Nigeria,3,Both,22,All ages,332,Meningitis,2,Percent,2005,0.00050400763581,0.0006103655841919,0.0004033483350994
6,Incidence,214,Nigeria,3,Both,22,All ages,332,Meningitis,3,Rate,2005,307.71449248927,368.51711581578,251.70360893971
6,Incidence,214,Nigeria,3,Both,22,All ages,332,Meningitis,1,Number,2006,454138.5486359377,543272.388407456,371247.0335380885
6,Incidence,214,Nigeria,3,Both,22,All ages,332,Meningitis,2,Percent,2006,0.0005065290606835,0.0006138905518811,0.0004063786216376
6,Incidence,214,Nigeria,3,Both,22,All ages,332,Meningitis,3,Rate,2006,306.50812571539996,366.66652065510004,250.56281341662
6,Incidence,214,Nigeria,3,Both,22,All ages,332,Meningitis,1,Number,2007,456341.1567690381,545479.8371432659,372844.079546925
6,Incidence,214,Nigeria,3,Both,22,All ages,332,Meningitis,2,Percent,2007,0.0004970361729744,0.0006026163466932,0.0003996920292158
6,Incidence,214,Nigeria,3,Both,22,All ages,332,Meningitis,3,Rate,2007,298.52072099197,356.83179536884,243.90016502559
6,Incidence,214,Nigeria,3,Both,22,All ages,332,Meningitis,1,Number,2008,451420.0424303541,538718.2663520228,369356.4800232559
6,Incidence,214,Nigeria,3,Both,22,All ages,332,Meningitis,2,Percent,2008,0.0004795569568854,0.0005822871413185,0.000386622704172
6,Incidence,214,Nigeria,3,Both,22,All ages,332,Meningitis,3,Rate,2008,286.26590176939004,341.62566085155,234.22567872479001
6,Incidence,214,Nigeria,3,Both,22,All ages,332,Meningitis,1,Number,2009,467505.1483646095,557049.112337893,383719.1801805876
6,Incidence,214,Nigeria,3,Both,22,All ages,332,Meningitis,2,Percent,2009,0.0004856628602174,0.0005886639471563,0.0003920850494655
6,Incidence,214,Nigeria,3,Both,22,All ages,332,Meningitis,3,Rate,2009,287.44201721494,342.49744863411996,235.92684611282002
6,Incidence,214,Nigeria,3,Both,22,All ages,332,Meningitis,1,Number,2010,452882.0779613098,540102.522378051,371662.4756212345
6,Incidence,214,Nigeria,3,Both,22,All ages,332,Meningitis,2,Percent,2010,0.0004609946511813,0.0005585398598405,0.000371920933571
6,Incidence,214,Nigeria,3,Both,22,All ages,332,Meningitis,3,Rate,2010,270.01716158449,322.01969818202,221.59244451992998
6,Incidence,214,Nigeria,3,Both,22,All ages,332,Meningitis,1,Number,2011,448037.4347359196,530985.3892620277,370264.9581309967
6,Incidence,214,Nigeria,3,Both,22,All ages,332,Meningitis,2,Percent,2011,0.0004466633120129,0.00053800460118,0.0003619495728252
6,Incidence,214,Nigeria,3,Both,22,All ages,332,Meningitis,3,Rate,2011,259.07521718814,307.03942211407,214.10370430650002
6,Incidence,214,Nigeria,3,Both,22,All ages,332,Meningitis,1,Number,2012,435885.1503581111,515528.0812126194,363240.1411615197
6,Incidence,214,Nigeria,3,Both,22,All ages,332,Meningitis,2,Percent,2012,0.0004265269596217,0.0005099544605885,0.0003464552049528
6,Incidence,214,Nigeria,3,Both,22,All ages,332,Meningitis,3,Rate,2012,244.49203553022002,289.16449630163,203.74477411287
6,Incidence,214,Nigeria,3,Both,22,All ages,332,Meningitis,1,Number,2013,429359.05948516267,506227.24313598406,362927.928624354
6,Incidence,214,Nigeria,3,Both,22,All ages,332,Meningitis,2,Percent,2013,0.000412160574826,0.0004859927960097,0.0003372584601975
6,Incidence,214,Nigeria,3,Both,22,All ages,332,Meningitis,3,Rate,2013,233.66575692816,275.49895438765003,197.51261159848002
6,Incidence,214,Nigeria,3,Both,22,All ages,332,Meningitis,1,Number,2014,422445.4964571854,494348.5786229768,359349.65821942256
6,Incidence,214,Nigeria,3,Both,22,All ages,332,Meningitis,2,Percent,2014,0.000397364040126,0.0004644388755791,0.0003290660032977
6,Incidence,214,Nigeria,3,Both,22,All ages,332,Meningitis,3,Rate,2014,223.12632868165,261.10393970862003,189.80050828789
6,Incidence,214,Nigeria,3,Both,22,All ages,332,Meningitis,1,Number,2015,406904.6789001871,472133.1294793117,348098.24152214965
6,Incidence,214,Nigeria,3,Both,22,All ages,332,Meningitis,2,Percent,2015,0.0003743688306498,0.0004366965361175,0.000312762919499
6,Incidence,214,Nigeria,3,Both,22,All ages,332,Meningitis,3,Rate,2015,208.64100967188,242.08699959008,178.48791705343
6,Incidence,214,Nigeria,3,Both,22,All ages,332,Meningitis,1,Number,2016,395192.5608694951,458798.3399896849,337647.6479864398
6,Incidence,214,Nigeria,3,Both,22,All ages,332,Meningitis,2,Percent,2016,0.0003558005915587,0.0004157861667396,0.0002973120392272
6,Incidence,214,Nigeria,3,Both,22,All ages,332,Meningitis,3,Rate,2016,196.77319708165,228.44361234151998,168.12059173181
6,Incidence,214,Nigeria,3,Both,22,All ages,332,Meningitis,1,Number,2017,378537.7613444751,440620.441577916,324375.64411146473
6,Incidence,214,Nigeria,3,Both,22,All ages,332,Meningitis,2,Percent,2017,0.0003335185197642,0.0003898788808629,0.0002784822352467
6,Incidence,214,Nigeria,3,Both,22,All ages,332,Meningitis,3,Rate,2017,183.08052285875002,213.10693163034,156.88490975284
6,Incidence,214,Nigeria,3,Both,22,All ages,332,Meningitis,1,Number,2018,358579.4350712415,418091.91669630527,307050.19235753024
6,Incidence,214,Nigeria,3,Both,22,All ages,332,Meningitis,2,Percent,2018,0.0003098212823975,0.0003631742435396,0.0002582083613941
6,Incidence,214,Nigeria,3,Both,22,All ages,332,Meningitis,3,Rate,2018,168.51491694989002,196.48289257163,144.29867584094998
6,Incidence,214,Nigeria,3,Both,22,All ages,332,Meningitis,1,Number,2019,342995.55603133875,397604.0553221755,293224.8741212361
6,Incidence,214,Nigeria,3,Both,22,All ages,332,Meningitis,2,Percent,2019,0.0002902989998618,0.000341335236423,0.0002421416737469
6,Incidence,214,Nigeria,3,Both,22,All ages,332,Meningitis,3,Rate,2019,156.68845156455998,181.63490071145,133.95203138454
6,Incidence,214,Nigeria,3,Both,22,All ages,332,Meningitis,1,Number,2020,341525.00349418,397815.8644690963,291734.5674448819
6,Incidence,214,Nigeria,3,Both,22,All ages,332,Meningitis,2,Percent,2020,0.0002587593172432,0.0003048920704027,0.0002164904305101
6,Incidence,214,Nigeria,3,Both,22,All ages,332,Meningitis,3,Rate,2020,151.76325313028,176.7771879686,129.63790806826
6,Incidence,214,Nigeria,3,Both,22,All ages,332,Meningitis,1,Number,2021,335986.1297978117,387956.7518715684,287508.4685540345
6,Incidence,214,Nigeria,3,Both,22,All ages,332,Meningitis,2,Percent,2021,0.000256609154174,0.0003001726321646,0.000215696763394
6,Incidence,214,Nigeria,3,Both,22,All ages,332,Meningitis,3,Rate,2021,145.34429629231002,167.82627641967,124.37333667675999
6,Incidence,202,Cameroon,3,Both,22,All ages,332,Meningitis,1,Number,1990,25984.47467631806,30050.49077342645,22173.31530237992
6,Incidence,202,Cameroon,3,Both,22,All ages,332,Meningitis,2,Percent,1990,0.0003632657679273,0.0004271346930176,0.0003091895343186
6,Incidence,202,Cameroon,3,Both,22,All ages,332,Meningitis,3,Rate,1990,248.96768389494997,287.92581651016,212.45143586209
6,Incidence,202,Cameroon,3,Both,22,All ages,332,Meningitis,1,Number,1991,26676.87376853885,30919.304216345503,22810.27549237391
6,Incidence,202,Cameroon,3,Both,22,All ages,332,Meningitis,2,Percent,1991,0.0003612035323799,0.0004236686172276,0.0003082501371223
6,Incidence,202,Cameroon,3,Both,22,All ages,332,Meningitis,3,Rate,1991,246.97494838218998,286.2514411959,211.17791616784
6,Incidence,202,Cameroon,3,Both,22,All ages,332,Meningitis,1,Number,1992,27381.66349410032,31695.811619973225,23469.690628582903
6,Incidence,202,Cameroon,3,Both,22,All ages,332,Meningitis,2,Percent,1992,0.0003591152748249,0.0004195583529033,0.0003059981712479
6,Incidence,202,Cameroon,3,Both,22,All ages,332,Meningitis,3,Rate,1992,244.74901436211,283.31071467104,209.7821284659
6,Incidence,202,Cameroon,3,Both,22,All ages,332,Meningitis,1,Number,1993,28994.532229216493,33431.24405639538,25020.887362849546
6,Incidence,202,Cameroon,3,Both,22,All ages,332,Meningitis,2,Percent,1993,0.000368431499102,0.0004292680414338,0.0003136034505675
6,Incidence,202,Cameroon,3,Both,22,All ages,332,Meningitis,3,Rate,1993,250.07188326108002,288.33761120379,215.80001271364998
6,Incidence,202,Cameroon,3,Both,22,All ages,332,Meningitis,1,Number,1994,27750.499746563062,31722.131392072864,24054.020691983453
6,Incidence,202,Cameroon,3,Both,22,All ages,332,Meningitis,2,Percent,1994,0.0003417231546166,0.0003944026130032,0.0002915791420699
6,Incidence,202,Cameroon,3,Both,22,All ages,332,Meningitis,3,Rate,1994,230.82715756382,263.86297500841,200.08004450441
6,Incidence,202,Cameroon,3,Both,22,All ages,332,Meningitis,1,Number,1995,28200.80323715761,32181.53415298411,24341.48072091208
6,Incidence,202,Cameroon,3,Both,22,All ages,332,Meningitis,2,Percent,1995,0.0003367488896667,0.0003861166689144,0.0002886946904923
6,Incidence,202,Cameroon,3,Both,22,All ages,332,Meningitis,3,Rate,1995,226.12868689508002,258.04825483464,195.18263455877
6,Incidence,202,Cameroon,3,Both,22,All ages,332,Meningitis,1,Number,1996,29029.611261261016,33014.38226566879,25138.62896740212
6,Incidence,202,Cameroon,3,Both,22,All ages,332,Meningitis,2,Percent,1996,0.0003364924539223,0.0003863759207278,0.0002891739022004
6,Incidence,202,Cameroon,3,Both,22,All ages,332,Meningitis,3,Rate,1996,224.31375128286,255.10434382499002,194.24787039126
6,Incidence,202,Cameroon,3,Both,22,All ages,332,Meningitis,1,Number,1997,30123.35266718116,34324.11631109757,26109.36774753429
6,Incidence,202,Cameroon,3,Both,22,All ages,332,Meningitis,2,Percent,1997,0.0003393064678001,0.0003910212523399,0.0002918825387522
6,Incidence,202,Cameroon,3,Both,22,All ages,332,Meningitis,3,Rate,1997,224.23157775615,255.50113364068,194.3523614031
6,Incidence,202,Cameroon,3,Both,22,All ages,332,Meningitis,1,Number,1998,31789.193846931383,36422.10397340468,27584.099555311645
6,Incidence,202,Cameroon,3,Both,22,All ages,332,Meningitis,2,Percent,1998,0.0003479017040841,0.000401883863191,0.0002989288148495
6,Incidence,202,Cameroon,3,Both,22,All ages,332,Meningitis,3,Rate,1998,227.89438966862,261.10738118851003,197.74837836357997
6,Incidence,202,Cameroon,3,Both,22,All ages,332,Meningitis,1,Number,1999,32304.69456633653,37148.04638284822,27992.723374648143
6,Incidence,202,Cameroon,3,Both,22,All ages,332,Meningitis,2,Percent,1999,0.0003430577024959,0.0003977510294776,0.000294502638133
6,Incidence,202,Cameroon,3,Both,22,All ages,332,Meningitis,3,Rate,1999,222.97643125853998,256.40665921373,193.21394747966002
6,Incidence,202,Cameroon,3,Both,22,All ages,332,Meningitis,1,Number,2000,32753.316217309373,37732.762169427806,28430.546052393456
6,Incidence,202,Cameroon,3,Both,22,All ages,332,Meningitis,2,Percent,2000,0.0003372229889499,0.0003919372866962,0.0002900190954501
6,Incidence,202,Cameroon,3,Both,22,All ages,332,Meningitis,3,Rate,2000,217.60948352987,250.69238282215,188.88946700499
6,Incidence,202,Cameroon,3,Both,22,All ages,332,Meningitis,1,Number,2001,33600.47091362326,38736.074435061695,29250.126821794584
6,Incidence,202,Cameroon,3,Both,22,All ages,332,Meningitis,2,Percent,2001,0.000333785731065,0.0003871313331128,0.000286555423458
6,Incidence,202,Cameroon,3,Both,22,All ages,332,Meningitis,3,Rate,2001,214.84030465479003,247.67718447021,187.02434777597
6,Incidence,202,Cameroon,3,Both,22,All ages,332,Meningitis,1,Number,2002,36146.93578678962,41747.98160941501,31487.8230053815
6,Incidence,202,Cameroon,3,Both,22,All ages,332,Meningitis,2,Percent,2002,0.0003484894894219,0.0004057919566809,0.0002993847469793
6,Incidence,202,Cameroon,3,Both,22,All ages,332,Meningitis,3,Rate,2002,222.39652089423,256.85734246064004,193.73100747005
6,Incidence,202,Cameroon,3,Both,22,All ages,332,Meningitis,1,Number,2003,37012.95242504522,42745.489101908526,32124.91622852684
6,Incidence,202,Cameroon,3,Both,22,All ages,332,Meningitis,2,Percent,2003,0.0003443864856812,0.0003992947525565,0.0002952301463007
6,Incidence,202,Cameroon,3,Both,22,All ages,332,Meningitis,3,Rate,2003,219.11334514957,253.04944603219,190.17661105897
6,Incidence,202,Cameroon,3,Both,22,All ages,332,Meningitis,1,Number,2004,37472.58720120628,43238.9982692326,32600.51043188208
6,Incidence,202,Cameroon,3,Both,22,All ages,332,Meningitis,2,Percent,2004,0.0003363822273917,0.000390509111591,0.0002888391922943
6,Incidence,202,Cameroon,3,Both,22,All ages,332,Meningitis,3,Rate,2004,213.4361384651,246.28042820024,185.68579268922002
6,Incidence,202,Cameroon,3,Both,22,All ages,332,Meningitis,1,Number,2005,38490.31212383573,44404.275679831466,33327.37179605983
6,Incidence,202,Cameroon,3,Both,22,All ages,332,Meningitis,2,Percent,2005,0.0003337104722364,0.0003879551905379,0.0002858319739164
6,Incidence,202,Cameroon,3,Both,22,All ages,332,Meningitis,3,Rate,2005,210.93210454259,243.34142289368,182.63849482953
6,Incidence,202,Cameroon,3,Both,22,All ages,332,Meningitis,1,Number,2006,39551.063963092805,45414.85963092245,34346.25087916007
6,Incidence,202,Cameroon,3,Both,22,All ages,332,Meningitis,2,Percent,2006,0.0003307507241933,0.0003845219764017,0.0002831752464294
6,Incidence,202,Cameroon,3,Both,22,All ages,332,Meningitis,3,Rate,2006,208.5748005227,239.49786274081998,181.12692069443
6,Incidence,202,Cameroon,3,Both,22,All ages,332,Meningitis,1,Number,2007,40007.64943388409,45931.50386029031,34815.96174985925
6,Incidence,202,Cameroon,3,Both,22,All ages,332,Meningitis,2,Percent,2007,0.0003220712045203,0.0003737626513079,0.0002750475320287
6,Incidence,202,Cameroon,3,Both,22,All ages,332,Meningitis,3,Rate,2007,203.07832053549,233.14773038671,176.72537977203
6,Incidence,202,Cameroon,3,Both,22,All ages,332,Meningitis,1,Number,2008,40719.91073582631,46620.46143743671,35255.804231170325
6,Incidence,202,Cameroon,3,Both,22,All ages,332,Meningitis,2,Percent,2008,0.0003162221078382,0.0003666394713875,0.0002690188984663
6,Incidence,202,Cameroon,3,Both,22,All ages,332,Meningitis,3,Rate,2008,198.99836048499998,227.83437447326003,172.29525096700002
6,Incidence,202,Cameroon,3,Both,22,All ages,332,Meningitis,1,Number,2009,40085.45408611847,45899.79490652296,34314.17269527723
6,Incidence,202,Cameroon,3,Both,22,All ages,332,Meningitis,2,Percent,2009,0.0003014423821223,0.0003485641238411,0.0002552031023279
6,Incidence,202,Cameroon,3,Both,22,All ages,332,Meningitis,3,Rate,2009,188.65840631694,216.02305261992,161.49641515517
6,Incidence,202,Cameroon,3,Both,22,All ages,332,Meningitis,1,Number,2010,39780.72165368706,45540.72952306995,33871.04922466671
6,Incidence,202,Cameroon,3,Both,22,All ages,332,Meningitis,2,Percent,2010,0.0002898143674541,0.0003358717842252,0.0002432707025721
6,Incidence,202,Cameroon,3,Both,22,All ages,332,Meningitis,3,Rate,2010,180.37677436358,206.49424022639,153.58068806902
6,Incidence,202,Cameroon,3,Both,22,All ages,332,Meningitis,1,Number,2011,38229.71964928517,43797.638358665135,32759.836739322676
6,Incidence,202,Cameroon,3,Both,22,All ages,332,Meningitis,2,Percent,2011,0.0002710152594365,0.0003126149128055,0.000229453988167
6,Incidence,202,Cameroon,3,Both,22,All ages,332,Meningitis,3,Rate,2011,167.08724546862,191.42245401,143.18051330197
6,Incidence,202,Cameroon,3,Both,22,All ages,332,Meningitis,1,Number,2012,35662.46832829148,40438.59523415617,30753.8513977431
6,Incidence,202,Cameroon,3,Both,22,All ages,332,Meningitis,2,Percent,2012,0.0002468024593712,0.0002832518348573,0.0002114342463553
6,Incidence,202,Cameroon,3,Both,22,All ages,332,Meningitis,3,Rate,2012,150.3231746924,170.45533583767,129.63254628282
6,Incidence,202,Cameroon,3,Both,22,All ages,332,Meningitis,1,Number,2013,33490.45980513536,37632.748039994665,29269.16598432152
6,Incidence,202,Cameroon,3,Both,22,All ages,332,Meningitis,2,Percent,2013,0.0002266651742916,0.0002604661115457,0.0001957077961121
6,Incidence,202,Cameroon,3,Both,22,All ages,332,Meningitis,3,Rate,2013,136.23422754971,153.08444224511,119.06262983845001
6,Incidence,202,Cameroon,3,Both,22,All ages,332,Meningitis,1,Number,2014,31718.783672354948,35645.33331022015,27869.26815943919
6,Incidence,202,Cameroon,3,Both,22,All ages,332,Meningitis,2,Percent,2014,0.0002101102260372,0.000241005968235,0.0001826031203829
6,Incidence,202,Cameroon,3,Both,22,All ages,332,Meningitis,3,Rate,2014,124.61233189232,140.03841227799,109.48889242896999
6,Incidence,202,Cameroon,3,Both,22,All ages,332,Meningitis,1,Number,2015,30315.842729528125,33977.61996932073,26615.874309900963
6,Incidence,202,Cameroon,3,Both,22,All ages,332,Meningitis,2,Percent,2015,0.0001963490999875,0.0002243399662289,0.0001716928921359
6,Incidence,202,Cameroon,3,Both,22,All ages,332,Meningitis,3,Rate,2015,115.11122098278,129.01522664741,101.06220093142001
6,Incidence,202,Cameroon,3,Both,22,All ages,332,Meningitis,1,Number,2016,30867.364804815294,34812.50311334261,27180.30661466389
6,Incidence,202,Cameroon,3,Both,22,All ages,332,Meningitis,2,Percent,2016,0.0001964207506502,0.0002241338632263,0.000171405455697
6,Incidence,202,Cameroon,3,Both,22,All ages,332,Meningitis,3,Rate,2016,113.35446518958,127.84222745532,99.81445256101999
6,Incidence,202,Cameroon,3,Both,22,All ages,332,Meningitis,1,Number,2017,31085.867503810237,35106.64670616631,27497.97226710412
6,Incidence,202,Cameroon,3,Both,22,All ages,332,Meningitis,2,Percent,2017,0.0001944731617886,0.0002214580721229,0.0001692338624718
6,Incidence,202,Cameroon,3,Both,22,All ages,332,Meningitis,3,Rate,2017,110.47856714161001,124.76833804843,97.72725741037
6,Incidence,202,Cameroon,3,Both,22,All ages,332,Meningitis,1,Number,2018,31406.067920059268,35433.70667405269,27821.832009373386
6,Incidence,202,Cameroon,3,Both,22,All ages,332,Meningitis,2,Percent,2018,0.0001927823031794,0.0002186499813077,0.0001681084898345
6,Incidence,202,Cameroon,3,Both,22,All ages,332,Meningitis,3,Rate,2018,108.10079728429,121.96407241915001,95.76373042873
6,Incidence,202,Cameroon,3,Both,22,All ages,332,Meningitis,1,Number,2019,31762.509242838376,35802.71651038683,28039.78176847657
6,Incidence,202,Cameroon,3,Both,22,All ages,332,Meningitis,2,Percent,2019,0.0001908181930127,0.00021678243055,0.0001659124856676
6,Incidence,202,Cameroon,3,Both,22,All ages,332,Meningitis,3,Rate,2019,105.97083387866,119.45037763609,93.55051369095
6,Incidence,202,Cameroon,3,Both,22,All ages,332,Meningitis,1,Number,2020,32661.25999193112,36908.23553212616,29011.264289973744
6,Incidence,202,Cameroon,3,Both,22,All ages,332,Meningitis,2,Percent,2020,0.0001841441766167,0.0002127072088223,0.0001595714224448
6,Incidence,202,Cameroon,3,Both,22,All ages,332,Meningitis,3,Rate,2020,105.74860857003,119.49920343739,93.93087811922
6,Incidence,202,Cameroon,3,Both,22,All ages,332,Meningitis,1,Number,2021,33124.440819944946,37360.61336967498,29110.475496014864
6,Incidence,202,Cameroon,3,Both,22,All ages,332,Meningitis,2,Percent,2021,0.000173540974507,0.0002015774732488,0.0001489941871638
6,Incidence,202,Cameroon,3,Both,22,All ages,332,Meningitis,3,Rate,2021,104.231666806,117.56150165925,91.6010446473
6,Incidence,209,Guinea-Bissau,3,Both,22,All ages,332,Meningitis,1,Number,1990,4062.152621755981,4752.894842768403,3464.0773586542546
6,Incidence,209,Guinea-Bissau,3,Both,22,All ages,332,Meningitis,2,Percent,1990,0.0006492544671837,0.0007628195112736,0.0005408051872585
6,Incidence,209,Guinea-Bissau,3,Both,22,All ages,332,Meningitis,3,Rate,1990,403.3481976213,471.93489433331,343.96279242456
6,Incidence,209,Guinea-Bissau,3,Both,22,All ages,332,Meningitis,1,Number,1991,4069.54335719372,4761.362794121915,3483.359260606689
6,Incidence,209,Guinea-Bissau,3,Both,22,All ages,332,Meningitis,2,Percent,1991,0.0006379526163156,0.000750861582965,0.00053205274358
6,Incidence,209,Guinea-Bissau,3,Both,22,All ages,332,Meningitis,3,Rate,1991,395.38420910078,462.59923960951,338.43238058497
6,Incidence,209,Guinea-Bissau,3,Both,22,All ages,332,Meningitis,1,Number,1992,4084.569560830687,4769.030288145841,3503.027059222059
6,Incidence,209,Guinea-Bissau,3,Both,22,All ages,332,Meningitis,2,Percent,1992,0.0006282787915332,0.000740539428315,0.0005256167834435
6,Incidence,209,Guinea-Bissau,3,Both,22,All ages,332,Meningitis,3,Rate,1992,388.3465734894,453.42270309921,333.0555484561
6,Incidence,209,Guinea-Bissau,3,Both,22,All ages,332,Meningitis,1,Number,1993,4100.60592034262,4776.691869048749,3529.272063437403
6,Incidence,209,Guinea-Bissau,3,Both,22,All ages,332,Meningitis,2,Percent,1993,0.0006192431788606,0.0007290022750233,0.0005177788024848
6,Incidence,209,Guinea-Bissau,3,Both,22,All ages,332,Meningitis,3,Rate,1993,381.56047652742,444.47012494841,328.39798714614
6,Incidence,209,Guinea-Bissau,3,Both,22,All ages,332,Meningitis,1,Number,1994,4113.808815035506,4780.468893155153,3545.752508395337
6,Incidence,209,Guinea-Bissau,3,Both,22,All ages,332,Meningitis,2,Percent,1994,0.0006101902417903,0.0007167891358925,0.0005111320991774
6,Incidence,209,Guinea-Bissau,3,Both,22,All ages,332,Meningitis,3,Rate,1994,374.68395897571,435.40307563664004,322.94563192581
6,Incidence,209,Guinea-Bissau,3,Both,22,All ages,332,Meningitis,1,Number,1995,4122.130452788231,4780.122616913343,3543.0912063357564
6,Incidence,209,Guinea-Bissau,3,Both,22,All ages,332,Meningitis,2,Percent,1995,0.0006006249530145,0.0007054523476582,0.000503127005498
6,Incidence,209,Guinea-Bissau,3,Both,22,All ages,332,Meningitis,3,Rate,1995,367.50034928776,426.16233316092996,315.87725589956
6,Incidence,209,Guinea-Bissau,3,Both,22,All ages,332,Meningitis,1,Number,1996,4115.295273829497,4759.393535726808,3544.8356899341525
6,Incidence,209,Guinea-Bissau,3,Both,22,All ages,332,Meningitis,2,Percent,1996,0.0005897201698719,0.0006954437394771,0.0004961087482761
6,Incidence,209,Guinea-Bissau,3,Both,22,All ages,332,Meningitis,3,Rate,1996,359.24828937888003,415.47540879119003,309.44952257411
6,Incidence,209,Guinea-Bissau,3,Both,22,All ages,332,Meningitis,1,Number,1997,4104.363234866934,4737.161096116236,3543.916098270264
6,Incidence,209,Guinea-Bissau,3,Both,22,All ages,332,Meningitis,2,Percent,1997,0.0005793056805217,0.0006836218760896,0.0004876279503469
6,Incidence,209,Guinea-Bissau,3,Both,22,All ages,332,Meningitis,3,Rate,1997,350.93084035833,405.03625757352,303.01154731148
6,Incidence,209,Guinea-Bissau,3,Both,22,All ages,332,Meningitis,1,Number,1998,4199.774501579884,4837.323485613497,3640.0061335693167
6,Incidence,209,Guinea-Bissau,3,Both,22,All ages,332,Meningitis,2,Percent,1998,0.0005776864470796,0.0006793533265808,0.000486095833886
6,Incidence,209,Guinea-Bissau,3,Both,22,All ages,332,Meningitis,3,Rate,1998,351.68413940835,405.07173574148,304.80979967945
6,Incidence,209,Guinea-Bissau,3,Both,22,All ages,332,Meningitis,1,Number,1999,6581.928557405131,7632.124647277443,5681.442612273475
6,Incidence,209,Guinea-Bissau,3,Both,22,All ages,332,Meningitis,2,Percent,1999,0.0008972353278621,0.0010514709493747,0.0007561503642964
6,Incidence,209,Guinea-Bissau,3,Both,22,All ages,332,Meningitis,3,Rate,1999,539.84495664387,625.9812702881201,465.98775935462
6,Incidence,209,Guinea-Bissau,3,Both,22,All ages,332,Meningitis,1,Number,2000,4217.3648646957,4869.113503582548,3645.76667149133
6,Incidence,209,Guinea-Bissau,3,Both,22,All ages,332,Meningitis,2,Percent,2000,0.0005694516979839,0.0006733913929001,0.0004791776225421
6,Incidence,209,Guinea-Bissau,3,Both,22,All ages,332,Meningitis,3,Rate,2000,338.64479030324003,390.97872114093,292.74675764882
6,Incidence,209,Guinea-Bissau,3,Both,22,All ages,332,Meningitis,1,Number,2001,4275.568384235161,4940.703797093131,3706.734241111528
6,Incidence,209,Guinea-Bissau,3,Both,22,All ages,332,Meningitis,2,Percent,2001,0.0005745339613512,0.0006708429794448,0.0004850552998972
6,Incidence,209,Guinea-Bissau,3,Both,22,All ages,332,Meningitis,3,Rate,2001,335.9085311287,388.16466164894,291.21827610271
6,Incidence,209,Guinea-Bissau,3,Both,22,All ages,332,Meningitis,1,Number,2002,4306.003104222213,4948.248978905342,3742.324076568368
6,Incidence,209,Guinea-Bissau,3,Both,22,All ages,332,Meningitis,2,Percent,2002,0.0005754772850034,0.0006708030991835,0.0004852953991512
6,Incidence,209,Guinea-Bissau,3,Both,22,All ages,332,Meningitis,3,Rate,2002,330.92004100553,380.27718869949,287.60082306017
6,Incidence,209,Guinea-Bissau,3,Both,22,All ages,332,Meningitis,1,Number,2003,4310.287666043439,4933.364774940625,3742.029897372003
6,Incidence,209,Guinea-Bissau,3,Both,22,All ages,332,Meningitis,2,Percent,2003,0.0005718052452092,0.0006644839231749,0.0004861517048372
6,Incidence,209,Guinea-Bissau,3,Both,22,All ages,332,Meningitis,3,Rate,2003,323.93470403867,370.76134636557,281.2279460739
6,Incidence,209,Guinea-Bissau,3,Both,22,All ages,332,Meningitis,1,Number,2004,4313.319537397537,4939.75902589349,3740.505330815469
6,Incidence,209,Guinea-Bissau,3,Both,22,All ages,332,Meningitis,2,Percent,2004,0.0005667868073877,0.0006531196175218,0.000486690340098
6,Incidence,209,Guinea-Bissau,3,Both,22,All ages,332,Meningitis,3,Rate,2004,316.91032608483,362.93639506729,274.8242400854
6,Incidence,209,Guinea-Bissau,3,Both,22,All ages,332,Meningitis,1,Number,2005,4224.20860573646,4864.749375875542,3649.4979194091175
6,Incidence,209,Guinea-Bissau,3,Both,22,All ages,332,Meningitis,2,Percent,2005,0.0005460537112173,0.0006299937293195,0.0004666871191141
6,Incidence,209,Guinea-Bissau,3,Both,22,All ages,332,Meningitis,3,Rate,2005,303.35090443129,349.34972695225997,262.07950361861003
6,Incidence,209,Guinea-Bissau,3,Both,22,All ages,332,Meningitis,1,Number,2006,4175.487482699532,4793.808160483442,3619.890553610921
6,Incidence,209,Guinea-Bissau,3,Both,22,All ages,332,Meningitis,2,Percent,2006,0.0005294000110418,0.0006103481188598,0.0004537995948909
6,Incidence,209,Guinea-Bissau,3,Both,22,All ages,332,Meningitis,3,Rate,2006,292.94728557961,336.32793632399,253.96725919293002
6,Incidence,209,Guinea-Bissau,3,Both,22,All ages,332,Meningitis,1,Number,2007,4289.987440760736,4946.475549005121,3709.810156769848
6,Incidence,209,Guinea-Bissau,3,Both,22,All ages,332,Meningitis,2,Percent,2007,0.00053419457678,0.0006213464157672,0.0004574015773046
6,Incidence,209,Guinea-Bissau,3,Both,22,All ages,332,Meningitis,3,Rate,2007,293.86462836162,338.83413855647,254.12241832064998
6,Incidence,209,Guinea-Bissau,3,Both,22,All ages,332,Meningitis,1,Number,2008,3938.4927943437374,4536.091327977653,3416.840664386932
6,Incidence,209,Guinea-Bissau,3,Both,22,All ages,332,Meningitis,2,Percent,2008,0.0004781193270459,0.000556234077451,0.0004069259268989
6,Incidence,209,Guinea-Bissau,3,Both,22,All ages,332,Meningitis,3,Rate,2008,263.29372227655,303.24401559014,228.42055170046999
6,Incidence,209,Guinea-Bissau,3,Both,22,All ages,332,Meningitis,1,Number,2009,3713.4519018477295,4283.909165242359,3215.2038625393147
6,Incidence,209,Guinea-Bissau,3,Both,22,All ages,332,Meningitis,2,Percent,2009,0.0004391268276289,0.0005116921539459,0.0003744293234502
6,Incidence,209,Guinea-Bissau,3,Both,22,All ages,332,Meningitis,3,Rate,2009,242.17369506554002,279.37620825402,209.68032449612002
6,Incidence,209,Guinea-Bissau,3,Both,22,All ages,332,Meningitis,1,Number,2010,3509.63066341627,4052.028846494117,3038.3786294714696
6,Incidence,209,Guinea-Bissau,3,Both,22,All ages,332,Meningitis,2,Percent,2010,0.0004050965868918,0.0004727938329411,0.0003452032566255
6,Incidence,209,Guinea-Bissau,3,Both,22,All ages,332,Meningitis,3,Rate,2010,223.18735750082,257.67999470515,193.21910549374002
6,Incidence,209,Guinea-Bissau,3,Both,22,All ages,332,Meningitis,1,Number,2011,3338.377055247174,3828.67979676668,2907.9436400955256
6,Incidence,209,Guinea-Bissau,3,Both,22,All ages,332,Meningitis,2,Percent,2011,0.0003786171904471,0.0004380833537065,0.00032534120362
6,Incidence,209,Guinea-Bissau,3,Both,22,All ages,332,Meningitis,3,Rate,2011,206.95651027075,237.35192177814,180.27258690634
6,Incidence,209,Guinea-Bissau,3,Both,22,All ages,332,Meningitis,1,Number,2012,3135.165988959504,3566.543023830513,2748.1924455773374
6,Incidence,209,Guinea-Bissau,3,Both,22,All ages,332,Meningitis,2,Percent,2012,0.0003511601878563,0.0004029136361292,0.00030362799516
6,Incidence,209,Guinea-Bissau,3,Both,22,All ages,332,Meningitis,3,Rate,2012,189.44082470232001,215.50656461254,166.05814338514
6,Incidence,209,Guinea-Bissau,3,Both,22,All ages,332,Meningitis,1,Number,2013,3045.9514194419094,3442.103735527595,2688.9508774041315
6,Incidence,209,Guinea-Bissau,3,Both,22,All ages,332,Meningitis,2,Percent,2013,0.000338809760916,0.0003860096541137,0.00029436295973
6,Incidence,209,Guinea-Bissau,3,Both,22,All ages,332,Meningitis,3,Rate,2013,179.3894306441,202.72057702331003,158.36410385556
6,Incidence,209,Guinea-Bissau,3,Both,22,All ages,332,Meningitis,1,Number,2014,2955.758868907808,3321.494041994171,2623.738968459418
6,Incidence,209,Guinea-Bissau,3,Both,22,All ages,332,Meningitis,2,Percent,2014,0.0003262468186163,0.0003698373522185,0.0002860265196118
6,Incidence,209,Guinea-Bissau,3,Both,22,All ages,332,Meningitis,3,Rate,2014,169.68719224781,190.68368667776,150.62625826225
6,Incidence,209,Guinea-Bissau,3,Both,22,All ages,332,Meningitis,1,Number,2015,2797.2424357269474,3135.8302092382364,2483.3274059300684
6,Incidence,209,Guinea-Bissau,3,Both,22,All ages,332,Meningitis,2,Percent,2015,0.0003049271126448,0.0003439458604946,0.0002668733968173
6,Incidence,209,Guinea-Bissau,3,Both,22,All ages,332,Meningitis,3,Rate,2015,156.56304624338,175.51397182803,138.99306635930998
6,Incidence,209,Guinea-Bissau,3,Both,22,All ages,332,Meningitis,1,Number,2016,2723.126755775518,3055.505789699504,2421.216745685427
6,Incidence,209,Guinea-Bissau,3,Both,22,All ages,332,Meningitis,2,Percent,2016,0.0002920416603539,0.0003308669214605,0.0002562715412269
6,Incidence,209,Guinea-Bissau,3,Both,22,All ages,332,Meningitis,3,Rate,2016,148.62241242011,166.76294655239,132.14481219888998
6,Incidence,209,Guinea-Bissau,3,Both,22,All ages,332,Meningitis,1,Number,2017,2614.470971980716,2940.5849715337536,2331.706101288173
6,Incidence,209,Guinea-Bissau,3,Both,22,All ages,332,Meningitis,2,Percent,2017,0.0002748919637305,0.0003134250389673,0.0002412745831578
6,Incidence,209,Guinea-Bissau,3,Both,22,All ages,332,Meningitis,3,Rate,2017,139.17658255344,156.53666513497998,124.12411159817
6,Incidence,209,Guinea-Bissau,3,Both,22,All ages,332,Meningitis,1,Number,2018,2505.531280920654,2818.2786592109437,2229.543009472197
6,Incidence,209,Guinea-Bissau,3,Both,22,All ages,332,Meningitis,2,Percent,2018,0.0002572657514508,0.0002937183820275,0.0002253811774865
6,Incidence,209,Guinea-Bissau,3,Both,22,All ages,332,Meningitis,3,Rate,2018,130.13692116548,146.38097336439,115.80213149528
6,Incidence,209,Guinea-Bissau,3,Both,22,All ages,332,Meningitis,1,Number,2019,2463.6520947571794,2773.7236873715456,2185.3081548248783
6,Incidence,209,Guinea-Bissau,3,Both,22,All ages,332,Meningitis,2,Percent,2019,0.0002466534972548,0.0002823487544236,0.0002160904658435
6,Incidence,209,Guinea-Bissau,3,Both,22,All ages,332,Meningitis,3,Rate,2019,124.90114614703,140.62101884642,110.78978797491
6,Incidence,209,Guinea-Bissau,3,Both,22,All ages,332,Meningitis,1,Number,2020,2488.031994565636,2790.21404783404,2219.45085745821
6,Incidence,209,Guinea-Bissau,3,Both,22,All ages,332,Meningitis,2,Percent,2020,0.000225091557091,0.0002553240664135,0.0001945168265581
6,Incidence,209,Guinea-Bissau,3,Both,22,All ages,332,Meningitis,3,Rate,2020,123.25355304563001,138.22322056329,109.94842694523001
6,Incidence,209,Guinea-Bissau,3,Both,22,All ages,332,Meningitis,1,Number,2021,2499.681214591364,2817.146758383208,2217.837040870718
6,Incidence,209,Guinea-Bissau,3,Both,22,All ages,332,Meningitis,2,Percent,2021,0.0002244741467158,0.0002637003471006,0.000193756619763
6,Incidence,209,Guinea-Bissau,3,Both,22,All ages,332,Meningitis,3,Rate,2021,121.11379546214,136.49553962720998,107.45796710733
6,Incidence,216,Senegal,3,Both,22,All ages,332,Meningitis,1,Number,1990,22453.183682236784,26424.532534427268,18976.80027791773
6,Incidence,216,Senegal,3,Both,22,All ages,332,Meningitis,2,Percent,1990,0.0004846231664017,0.0005728860752877,0.0004008281948589
6,Incidence,216,Senegal,3,Both,22,All ages,332,Meningitis,3,Rate,1990,294.1833185776,346.21623297855,248.63547908169
6,Incidence,216,Senegal,3,Both,22,All ages,332,Meningitis,1,Number,1991,22705.5588486284,26586.85308833486,19275.460617626515
6,Incidence,216,Senegal,3,Both,22,All ages,332,Meningitis,2,Percent,1991,0.0004816171190956,0.0005666931530864,0.0004001678041868
6,Incidence,216,Senegal,3,Both,22,All ages,332,Meningitis,3,Rate,1991,289.46997385569,338.95204780878,245.74013430979
6,Incidence,216,Senegal,3,Both,22,All ages,332,Meningitis,1,Number,1992,22923.70128295514,26862.26887253841,19426.91093855673
6,Incidence,216,Senegal,3,Both,22,All ages,332,Meningitis,2,Percent,1992,0.0004772291125636,0.0005622052129795,0.00039798712184
6,Incidence,216,Senegal,3,Both,22,All ages,332,Meningitis,3,Rate,1992,284.41122098728,333.27648943880996,241.02702228781
6,Incidence,216,Senegal,3,Both,22,All ages,332,Meningitis,1,Number,1993,23132.45248742668,27172.38787925644,19687.735257732464
6,Incidence,216,Senegal,3,Both,22,All ages,332,Meningitis,2,Percent,1993,0.0004721792144393,0.0005534659781936,0.0003964862028354
6,Incidence,216,Senegal,3,Both,22,All ages,332,Meningitis,3,Rate,1993,279.35808542746,328.14619455362,237.75810329632
6,Incidence,216,Senegal,3,Both,22,All ages,332,Meningitis,1,Number,1994,23564.66947208878,27571.1761612108,20039.6066010671
6,Incidence,216,Senegal,3,Both,22,All ages,332,Meningitis,2,Percent,1994,0.0004729958496557,0.0005538956043599,0.0004000991766026
6,Incidence,216,Senegal,3,Both,22,All ages,332,Meningitis,3,Rate,1994,277.06424802159,324.17120041614,235.61792539248
6,Incidence,216,Senegal,3,Both,22,All ages,332,Meningitis,1,Number,1995,23459.919357657265,27537.463436067475,19979.58141227329
6,Incidence,216,Senegal,3,Both,22,All ages,332,Meningitis,2,Percent,1995,0.0004586632202001,0.0005400166645194,0.0003894674322636
6,Incidence,216,Senegal,3,Both,22,All ages,332,Meningitis,3,Rate,1995,268.63160814471,315.32218735622,228.77943453311002
6,Incidence,216,Senegal,3,Both,22,All ages,332,Meningitis,1,Number,1996,23612.84417823592,27699.029694375804,20170.82434353565
6,Incidence,216,Senegal,3,Both,22,All ages,332,Meningitis,2,Percent,1996,0.0004525564756927,0.0005329579307868,0.0003823977793081
6,Incidence,216,Senegal,3,Both,22,All ages,332,Meningitis,3,Rate,1996,263.38761574272,308.96665113781,224.99387584600998
6,Incidence,216,Senegal,3,Both,22,All ages,332,Meningitis,1,Number,1997,23671.277450224447,27692.125825399256,20271.65480514923
6,Incidence,216,Senegal,3,Both,22,All ages,332,Meningitis,2,Percent,1997,0.0004448301052181,0.0005230586747479,0.0003777591766297
6,Incidence,216,Senegal,3,Both,22,All ages,332,Meningitis,3,Rate,1997,257.26029968545004,300.95902528919,220.31307779054
6,Incidence,216,Senegal,3,Both,22,All ages,332,Meningitis,1,Number,1998,25649.214769250982,29848.907417159506,21840.792483336598
6,Incidence,216,Senegal,3,Both,22,All ages,332,Meningitis,2,Percent,1998,0.0004733052806278,0.0005537538345203,0.0003988304968924
6,Incidence,216,Senegal,3,Both,22,All ages,332,Meningitis,3,Rate,1998,271.67975524464,316.16343558148,231.34046050155
6,Incidence,216,Senegal,3,Both,22,All ages,332,Meningitis,1,Number,1999,27193.66726177317,31566.28070567342,23105.83883381045
6,Incidence,216,Senegal,3,Both,22,All ages,332,Meningitis,2,Percent,1999,0.0004927471797759,0.0005756662362204,0.0004118126230432
6,Incidence,216,Senegal,3,Both,22,All ages,332,Meningitis,3,Rate,1999,280.8089869744,325.96174771802004,238.59699148547003
6,Incidence,216,Senegal,3,Both,22,All ages,332,Meningitis,1,Number,2000,24043.694624697084,27835.883882232483,20352.07474606843
6,Incidence,216,Senegal,3,Both,22,All ages,332,Meningitis,2,Percent,2000,0.000423552763033,0.0004913112327365,0.0003511552158025
6,Incidence,216,Senegal,3,Both,22,All ages,332,Meningitis,3,Rate,2000,242.09782784518998,280.28167589175,204.92662068271
6,Incidence,216,Senegal,3,Both,22,All ages,332,Meningitis,1,Number,2001,27634.841710322296,31994.47439259604,23457.439836324626
6,Incidence,216,Senegal,3,Both,22,All ages,332,Meningitis,2,Percent,2001,0.0004923555374889,0.0005740954289822,0.0004099864335267
6,Incidence,216,Senegal,3,Both,22,All ages,332,Meningitis,3,Rate,2001,271.36950236231,314.18036279251,230.34811785078998
6,Incidence,216,Senegal,3,Both,22,All ages,332,Meningitis,1,Number,2002,26253.920953325145,30326.593526775792,22480.26571257865
6,Incidence,216,Senegal,3,Both,22,All ages,332,Meningitis,2,Percent,2002,0.0004600125906562,0.0005361546785382,0.0003854320285955
6,Incidence,216,Senegal,3,Both,22,All ages,332,Meningitis,3,Rate,2002,251.49735909654999,290.51120386697,215.34792721261002
6,Incidence,216,Senegal,3,Both,22,All ages,332,Meningitis,1,Number,2003,24952.3803369777,28762.616210745684,21558.73858585097
6,Incidence,216,Senegal,3,Both,22,All ages,332,Meningitis,2,Percent,2003,0.0004281666049597,0.0005003732318013,0.0003633514567997
6,Incidence,216,Senegal,3,Both,22,All ages,332,Meningitis,3,Rate,2003,233.25174220839,268.86935238342,201.52840198228
6,Incidence,216,Senegal,3,Both,22,All ages,332,Meningitis,1,Number,2004,25667.438263241427,29678.388037082525,22223.84788426313
6,Incidence,216,Senegal,3,Both,22,All ages,332,Meningitis,2,Percent,2004,0.0004367803222176,0.0005119466478549,0.0003704131514597
6,Incidence,216,Senegal,3,Both,22,All ages,332,Meningitis,3,Rate,2004,234.19354499480002,270.79005052442,202.77371142621
6,Incidence,216,Senegal,3,Both,22,All ages,332,Meningitis,1,Number,2005,23400.2584276638,27012.10004251801,20274.468610909844
6,Incidence,216,Senegal,3,Both,22,All ages,332,Meningitis,2,Percent,2005,0.0003912378286571,0.0004594363879416,0.0003346155410786
6,Incidence,216,Senegal,3,Both,22,All ages,332,Meningitis,3,Rate,2005,208.45805287694003,240.63365780284002,180.61237497909
6,Incidence,216,Senegal,3,Both,22,All ages,332,Meningitis,1,Number,2006,22256.926419979867,25618.27510773123,19351.85177523661
6,Incidence,216,Senegal,3,Both,22,All ages,332,Meningitis,2,Percent,2006,0.0003635968937897,0.0004257142222694,0.000312917391405
6,Incidence,216,Senegal,3,Both,22,All ages,332,Meningitis,3,Rate,2006,193.62796063785,222.87059185839001,168.35476395525
6,Incidence,216,Senegal,3,Both,22,All ages,332,Meningitis,1,Number,2007,21493.940533329707,24667.108643965857,18709.885012418526
6,Incidence,216,Senegal,3,Both,22,All ages,332,Meningitis,2,Percent,2007,0.0003441508117867,0.0004017736854466,0.0002971714303263
6,Incidence,216,Senegal,3,Both,22,All ages,332,Meningitis,3,Rate,2007,182.63559135211,209.59823384417,158.97926711364
6,Incidence,216,Senegal,3,Both,22,All ages,332,Meningitis,1,Number,2008,21012.129390515056,24130.542372959404,18300.373932173352
6,Incidence,216,Senegal,3,Both,22,All ages,332,Meningitis,2,Percent,2008,0.0003292456387277,0.0003834069601484,0.0002841445861911
6,Incidence,216,Senegal,3,Both,22,All ages,332,Meningitis,3,Rate,2008,174.40679015138,200.29052561324002,151.89843050943
6,Incidence,216,Senegal,3,Both,22,All ages,332,Meningitis,1,Number,2009,20769.606308446702,23706.5776546506,18172.51012933333
6,Incidence,216,Senegal,3,Both,22,All ages,332,Meningitis,2,Percent,2009,0.0003191570160948,0.0003688194627548,0.0002743601740827
6,Incidence,216,Senegal,3,Both,22,All ages,332,Meningitis,3,Rate,2009,168.43605609349,192.25412289108002,147.37428769938
6,Incidence,216,Senegal,3,Both,22,All ages,332,Meningitis,1,Number,2010,20023.200369892147,22743.942176285094,17512.317114444908
6,Incidence,216,Senegal,3,Both,22,All ages,332,Meningitis,2,Percent,2010,0.0003001798213976,0.0003450134721946,0.0002578556309634
6,Incidence,216,Senegal,3,Both,22,All ages,332,Meningitis,3,Rate,2010,158.70104511682,180.2652586387,138.80014069371998
6,Incidence,216,Senegal,3,Both,22,All ages,332,Meningitis,1,Number,2011,19539.956328728465,22142.222804331,17093.355669964927
6,Incidence,216,Senegal,3,Both,22,All ages,332,Meningitis,2,Percent,2011,0.0002893667065646,0.0003322278527053,0.0002502945520676
6,Incidence,216,Senegal,3,Both,22,All ages,332,Meningitis,3,Rate,2011,151.41191055097,171.57644583473,132.45360410102
6,Incidence,216,Senegal,3,Both,22,All ages,332,Meningitis,1,Number,2012,18618.418235916528,21004.057077624555,16350.487308809074
6,Incidence,216,Senegal,3,Both,22,All ages,332,Meningitis,2,Percent,2012,0.000272480883202,0.0003125272416296,0.0002360985532864
6,Incidence,216,Senegal,3,Both,22,All ages,332,Meningitis,3,Rate,2012,141.10465434078,159.18485534796,123.91653419634001
6,Incidence,216,Senegal,3,Both,22,All ages,332,Meningitis,1,Number,2013,17563.345374821107,19749.186372010696,15523.28011829396
6,Incidence,216,Senegal,3,Both,22,All ages,332,Meningitis,2,Percent,2013,0.0002561380389407,0.0002925019361493,0.0002220188766302
6,Incidence,216,Senegal,3,Both,22,All ages,332,Meningitis,3,Rate,2013,130.24440618311,146.45393555316,115.11590519193999
6,Incidence,216,Senegal,3,Both,22,All ages,332,Meningitis,1,Number,2014,17092.14004048583,19202.58304168278,15171.13771743474
6,Incidence,216,Senegal,3,Both,22,All ages,332,Meningitis,2,Percent,2014,0.0002502453485674,0.0002859425062018,0.0002174406039871
6,Incidence,216,Senegal,3,Both,22,All ages,332,Meningitis,3,Rate,2014,124.07203819285999,139.39176784801998,110.12746056656
6,Incidence,216,Senegal,3,Both,22,All ages,332,Meningitis,1,Number,2015,16109.931981287998,18129.34696252397,14332.674432459698
6,Incidence,216,Senegal,3,Both,22,All ages,332,Meningitis,2,Percent,2015,0.0002326736527818,0.0002674290260694,0.0002029337789413
6,Incidence,216,Senegal,3,Both,22,All ages,332,Meningitis,3,Rate,2015,114.51093652441999,128.86513125357,101.87801997345
6,Incidence,216,Senegal,3,Both,22,All ages,332,Meningitis,1,Number,2016,15712.018341355171,17628.817965320093,14003.364104195449
6,Incidence,216,Senegal,3,Both,22,All ages,332,Meningitis,2,Percent,2016,0.0002252004223741,0.000257459944225,0.0001975862012938
6,Incidence,216,Senegal,3,Both,22,All ages,332,Meningitis,3,Rate,2016,109.38724381128999,122.7320237911,97.49157429457
6,Incidence,216,Senegal,3,Both,22,All ages,332,Meningitis,1,Number,2017,15198.896493595186,17103.00874571846,13625.544500043226
6,Incidence,216,Senegal,3,Both,22,All ages,332,Meningitis,2,Percent,2017,0.0002147939744102,0.0002448708028799,0.0001883309446262
6,Incidence,216,Senegal,3,Both,22,All ages,332,Meningitis,3,Rate,2017,103.65741258397999,116.64357571810999,92.92705483701
6,Incidence,216,Senegal,3,Both,22,All ages,332,Meningitis,1,Number,2018,15064.9231739856,17114.201500643252,13468.893769613333
6,Incidence,216,Senegal,3,Both,22,All ages,332,Meningitis,2,Percent,2018,0.0002090583904838,0.0002383331217085,0.0001834356484959
6,Incidence,216,Senegal,3,Both,22,All ages,332,Meningitis,3,Rate,2018,100.66657887589,114.36023239982,90.00161775608
6,Incidence,216,Senegal,3,Both,22,All ages,332,Meningitis,1,Number,2019,15159.85508231728,17302.527173377144,13516.147484832773
6,Incidence,216,Senegal,3,Both,22,All ages,332,Meningitis,2,Percent,2019,0.0002072794867662,0.000238054710714,0.0001811366817889
6,Incidence,216,Senegal,3,Both,22,All ages,332,Meningitis,3,Rate,2019,99.27918997073999,113.31116774482,88.51484176682
6,Incidence,216,Senegal,3,Both,22,All ages,332,Meningitis,1,Number,2020,15255.498242667514,17279.793263980122,13545.239757952342
6,Incidence,216,Senegal,3,Both,22,All ages,332,Meningitis,2,Percent,2020,0.0001905725622925,0.0002173924706713,0.0001669199810205
6,Incidence,216,Senegal,3,Both,22,All ages,332,Meningitis,3,Rate,2020,97.98412058085,110.98590946406999,86.99934834167999
6,Incidence,216,Senegal,3,Both,22,All ages,332,Meningitis,1,Number,2021,15334.05136274529,17307.369972046414,13583.591458125518
6,Incidence,216,Senegal,3,Both,22,All ages,332,Meningitis,2,Percent,2021,0.0001777373517642,0.0002028685809853,0.0001558128880121
6,Incidence,216,Senegal,3,Both,22,All ages,332,Meningitis,3,Rate,2021,96.68653461087999,109.12899573893,85.64927523635
6,Incidence,218,Togo,3,Both,22,All ages,332,Meningitis,1,Number,1990,8475.26942292462,9926.82019752038,7278.505742274125
6,Incidence,218,Togo,3,Both,22,All ages,332,Meningitis,2,Percent,1990,0.000345737615817,0.0004042131806802,0.0002912204432994
6,Incidence,218,Togo,3,Both,22,All ages,332,Meningitis,3,Rate,1990,232.41018361116,272.2148393938,199.59233996753
6,Incidence,218,Togo,3,Both,22,All ages,332,Meningitis,1,Number,1991,8693.51407430499,10130.57092069519,7482.627648615817
6,Incidence,218,Togo,3,Both,22,All ages,332,Meningitis,2,Percent,1991,0.0003451872280345,0.0004049738160738,0.0002924532839329
6,Incidence,218,Togo,3,Both,22,All ages,332,Meningitis,3,Rate,1991,231.31046722359997,269.54659219266,199.0921142668
6,Incidence,218,Togo,3,Both,22,All ages,332,Meningitis,1,Number,1992,8894.723446818878,10408.777595177584,7675.105578315484
6,Incidence,218,Togo,3,Both,22,All ages,332,Meningitis,2,Percent,1992,0.0003441413077635,0.0004040287161084,0.0002905352155524
6,Incidence,218,Togo,3,Both,22,All ages,332,Meningitis,3,Rate,1992,229.71659029672,268.81880168812,198.21853868301
6,Incidence,218,Togo,3,Both,22,All ages,332,Meningitis,1,Number,1993,9123.998225563551,10663.67725703631,7879.607328806108
6,Incidence,218,Togo,3,Both,22,All ages,332,Meningitis,2,Percent,1993,0.0003441300890226,0.0004042672475554,0.0002897871695955
6,Incidence,218,Togo,3,Both,22,All ages,332,Meningitis,3,Rate,1993,228.80993781664,267.42172343293,197.60333335798
6,Incidence,218,Togo,3,Both,22,All ages,332,Meningitis,1,Number,1994,9328.13286824199,10854.54767767457,8030.18827957274
6,Incidence,218,Togo,3,Both,22,All ages,332,Meningitis,2,Percent,1994,0.0003433490004229,0.0004015462112781,0.0002890358661251
6,Incidence,218,Togo,3,Both,22,All ages,332,Meningitis,3,Rate,1994,227.25104148224997,264.43740665061,195.63064501838997
6,Incidence,218,Togo,3,Both,22,All ages,332,Meningitis,1,Number,1995,9494.31516181799,11012.898033924375,8179.402482999705
6,Incidence,218,Togo,3,Both,22,All ages,332,Meningitis,2,Percent,1995,0.0003414083795925,0.0003982068770909,0.0002879519138313
6,Incidence,218,Togo,3,Both,22,All ages,332,Meningitis,3,Rate,1995,224.78493103605,260.73850329071996,193.65340119014
6,Incidence,218,Togo,3,Both,22,All ages,332,Meningitis,1,Number,1996,9840.63340582146,11402.380734363478,8511.596485818021
6,Incidence,218,Togo,3,Both,22,All ages,332,Meningitis,2,Percent,1996,0.0003459626065734,0.0004022450791121,0.000293846669118
6,Incidence,218,Togo,3,Both,22,All ages,332,Meningitis,3,Rate,1996,226.49856831449003,262.44478431462,195.90856996745
6,Incidence,218,Togo,3,Both,22,All ages,332,Meningitis,1,Number,1997,11364.878639789242,13124.945257286574,9842.11277105628
6,Incidence,218,Togo,3,Both,22,All ages,332,Meningitis,2,Percent,1997,0.0003909563715007,0.0004542935670489,0.0003330341341991
6,Incidence,218,Togo,3,Both,22,All ages,332,Meningitis,3,Rate,1997,254.38465991408,293.7809405176,220.29997762893
6,Incidence,218,Togo,3,Both,22,All ages,332,Meningitis,1,Number,1998,10109.450106494596,11619.26199310981,8774.195922089471
6,Incidence,218,Togo,3,Both,22,All ages,332,Meningitis,2,Percent,1998,0.0003404026939879,0.0003952975206822,0.000291236431339
6,Incidence,218,Togo,3,Both,22,All ages,332,Meningitis,3,Rate,1998,220.10267857754002,252.97426277762997,191.03156002276998
6,Incidence,218,Togo,3,Both,22,All ages,332,Meningitis,1,Number,1999,10252.024962803584,11759.68317121368,8896.447497703342
6,Incidence,218,Togo,3,Both,22,All ages,332,Meningitis,2,Percent,1999,0.0003378840974327,0.0003933209475885,0.0002888053768784
6,Incidence,218,Togo,3,Both,22,All ages,332,Meningitis,3,Rate,1999,217.11597353373,249.04495155151,188.40774056478
6,Incidence,218,Togo,3,Both,22,All ages,332,Meningitis,1,Number,2000,10623.738548145197,12221.9139858402,9233.795550945932
6,Incidence,218,Togo,3,Both,22,All ages,332,Meningitis,2,Percent,2000,0.0003428952186136,0.0004006546428609,0.0002924345580495
6,Incidence,218,Togo,3,Both,22,All ages,332,Meningitis,3,Rate,2000,218.85238969856,251.77531152237,190.21912231314
6,Incidence,218,Togo,3,Both,22,All ages,332,Meningitis,1,Number,2001,10882.14917551374,12501.542637661896,9448.37451037403
6,Incidence,218,Togo,3,Both,22,All ages,332,Meningitis,2,Percent,2001,0.000343255508907,0.0003977960028472,0.0002944710730917
6,Incidence,218,Togo,3,Both,22,All ages,332,Meningitis,3,Rate,2001,218.07159409301002,250.52324569773003,189.33962931708
6,Incidence,218,Togo,3,Both,22,All ages,332,Meningitis,1,Number,2002,11138.935234271366,12795.934188273724,9713.197941904342
6,Incidence,218,Togo,3,Both,22,All ages,332,Meningitis,2,Percent,2002,0.0003449237721424,0.0003984266554132,0.0002966899531216
6,Incidence,218,Togo,3,Both,22,All ages,332,Meningitis,3,Rate,2002,217.14397393836,249.44574516841,189.35045014586998
6,Incidence,218,Togo,3,Both,22,All ages,332,Meningitis,1,Number,2003,11098.824572997544,12644.655599600545,9656.887571750394
6,Incidence,218,Togo,3,Both,22,All ages,332,Meningitis,2,Percent,2003,0.000335674684538,0.0003863003313363,0.0002897925543249
6,Incidence,218,Togo,3,Both,22,All ages,332,Meningitis,3,Rate,2003,210.4759086025,239.79074169408,183.13130120836
6,Incidence,218,Togo,3,Both,22,All ages,332,Meningitis,1,Number,2004,11044.251341127369,12556.729903575611,9608.888801624436
6,Incidence,218,Togo,3,Both,22,All ages,332,Meningitis,2,Percent,2004,0.0003260057600578,0.0003746041393299,0.0002800887986614
6,Incidence,218,Togo,3,Both,22,All ages,332,Meningitis,3,Rate,2004,203.73637911905,231.63749222220002,177.25784675964002
6,Incidence,218,Togo,3,Both,22,All ages,332,Meningitis,1,Number,2005,11105.760718270809,12635.722438021196,9631.166330801632
6,Incidence,218,Togo,3,Both,22,All ages,332,Meningitis,2,Percent,2005,0.0003198244749243,0.0003666484963709,0.000274277934965
6,Incidence,218,Togo,3,Both,22,All ages,332,Meningitis,3,Rate,2005,199.29237646059,226.74747069120997,172.83084651689
6,Incidence,218,Togo,3,Both,22,All ages,332,Meningitis,1,Number,2006,11103.631428721552,12638.15951816049,9657.19761116696
6,Incidence,218,Togo,3,Both,22,All ages,332,Meningitis,2,Percent,2006,0.000313152469085,0.0003574560772802,0.0002696503901371
6,Incidence,218,Togo,3,Both,22,All ages,332,Meningitis,3,Rate,2006,193.82834184912002,220.61552737542,168.57895652407
6,Incidence,218,Togo,3,Both,22,All ages,332,Meningitis,1,Number,2007,11022.929411852065,12516.960399291238,9636.581975047333
6,Incidence,218,Togo,3,Both,22,All ages,332,Meningitis,2,Percent,2007,0.0003034840094683,0.0003453797750707,0.0002614949184751
6,Incidence,218,Togo,3,Both,22,All ages,332,Meningitis,3,Rate,2007,187.19258309476,212.56437940343,163.64948052501998
6,Incidence,218,Togo,3,Both,22,All ages,332,Meningitis,1,Number,2008,10635.986682054272,12049.814177475266,9340.809920687
6,Incidence,218,Togo,3,Both,22,All ages,332,Meningitis,2,Percent,2008,0.0002873661620869,0.0003280136666502,0.0002485242916185
6,Incidence,218,Togo,3,Both,22,All ages,332,Meningitis,3,Rate,2008,175.75236449455,199.11489142653,154.35045933489
6,Incidence,218,Togo,3,Both,22,All ages,332,Meningitis,1,Number,2009,10332.458893675745,11741.159367244823,9070.712706607344
6,Incidence,218,Togo,3,Both,22,All ages,332,Meningitis,2,Percent,2009,0.0002744641155422,0.0003150181478633,0.0002383259064736
6,Incidence,218,Togo,3,Both,22,All ages,332,Meningitis,3,Rate,2009,166.16313730823,188.81738569427,145.8721584534
6,Incidence,218,Togo,3,Both,22,All ages,332,Meningitis,1,Number,2010,10012.077999895602,11313.441064656734,8849.917023495658
6,Incidence,218,Togo,3,Both,22,All ages,332,Meningitis,2,Percent,2010,0.0002603369648393,0.0002992194625249,0.0002270293865855
6,Incidence,218,Togo,3,Both,22,All ages,332,Meningitis,3,Rate,2010,156.71594647022,177.08577822718001,138.52500175632
6,Incidence,218,Togo,3,Both,22,All ages,332,Meningitis,1,Number,2011,9630.655401366155,10853.96393633601,8541.743285358736
6,Incidence,218,Togo,3,Both,22,All ages,332,Meningitis,2,Percent,2011,0.0002454992151201,0.0002810109463205,0.0002148979314464
6,Incidence,218,Togo,3,Both,22,All ages,332,Meningitis,3,Rate,2011,146.74045678454002,165.37977526585001,130.14891086768
6,Incidence,218,Togo,3,Both,22,All ages,332,Meningitis,1,Number,2012,9200.775015391351,10339.877392759729,8194.142868409032
6,Incidence,218,Togo,3,Both,22,All ages,332,Meningitis,2,Percent,2012,0.0002290705731452,0.0002607093186522,0.0002004537721615
6,Incidence,218,Togo,3,Both,22,All ages,332,Meningitis,3,Rate,2012,136.49452848124,153.39323990834,121.56102776780999
6,Incidence,218,Togo,3,Both,22,All ages,332,Meningitis,1,Number,2013,8722.841074592696,9765.620314862445,7780.209844256706
6,Incidence,218,Togo,3,Both,22,All ages,332,Meningitis,2,Percent,2013,0.0002121589425008,0.0002411062069649,0.0001863225009734
6,Incidence,218,Togo,3,Both,22,All ages,332,Meningitis,3,Rate,2013,126.03589152542,141.10295626817,112.41586033614
6,Incidence,218,Togo,3,Both,22,All ages,332,Meningitis,1,Number,2014,8280.319651883709,9246.453909999938,7389.101616626859
6,Incidence,218,Togo,3,Both,22,All ages,332,Meningitis,2,Percent,2014,0.0001981642570313,0.0002249683783675,0.000174863410974
6,Incidence,218,Togo,3,Both,22,All ages,332,Meningitis,3,Rate,2014,116.57653821068,130.1784994867,104.02930359788002
6,Incidence,218,Togo,3,Both,22,All ages,332,Meningitis,1,Number,2015,7881.681875724653,8821.954304813413,7021.349744025452
6,Incidence,218,Togo,3,Both,22,All ages,332,Meningitis,2,Percent,2015,0.0001857755356841,0.0002113656488266,0.0001640250663151
6,Incidence,218,Togo,3,Both,22,All ages,332,Meningitis,3,Rate,2015,108.17377518107999,121.07873886230999,96.36596866682
6,Incidence,218,Togo,3,Both,22,All ages,332,Meningitis,1,Number,2016,7614.755160343983,8480.168317114605,6841.4311305206775
6,Incidence,218,Togo,3,Both,22,All ages,332,Meningitis,2,Percent,2016,0.000177426984443,0.0002021682394235,0.0001574510384144
6,Incidence,218,Togo,3,Both,22,All ages,332,Meningitis,3,Rate,2016,101.93776963835,113.52294672669001,91.58537811059
6,Incidence,218,Togo,3,Both,22,All ages,332,Meningitis,1,Number,2017,7293.957711781105,8116.481442010823,6569.696959847197
6,Incidence,218,Togo,3,Both,22,All ages,332,Meningitis,2,Percent,2017,0.0001684747305787,0.0001907261019582,0.0001502499308206
6,Incidence,218,Togo,3,Both,22,All ages,332,Meningitis,3,Rate,2017,95.29603484828999,106.04236121277,85.83352072593999
6,Incidence,218,Togo,3,Both,22,All ages,332,Meningitis,1,Number,2018,7050.05942952378,7857.36947806167,6351.4907138319
6,Incidence,218,Togo,3,Both,22,All ages,332,Meningitis,2,Percent,2018,0.0001607774376333,0.0001806075759907,0.0001428308442947
6,Incidence,218,Togo,3,Both,22,All ages,332,Meningitis,3,Rate,2018,89.95363896807,100.25432896471999,81.04040941676
6,Incidence,218,Togo,3,Both,22,All ages,332,Meningitis,1,Number,2019,7013.953007981912,7847.947767322553,6306.161387372611
6,Incidence,218,Togo,3,Both,22,All ages,332,Meningitis,2,Percent,2019,0.0001574212211899,0.000176559103035,0.0001388133994683
6,Incidence,218,Togo,3,Both,22,All ages,332,Meningitis,3,Rate,2019,87.46026051429,97.85973123165,78.63447575955
6,Incidence,218,Togo,3,Both,22,All ages,332,Meningitis,1,Number,2020,7056.843210914999,7950.325283838727,6350.702703052888
6,Incidence,218,Togo,3,Both,22,All ages,332,Meningitis,2,Percent,2020,0.0001500982127818,0.0001697269146108,0.0001322888222818
6,Incidence,218,Togo,3,Both,22,All ages,332,Meningitis,3,Rate,2020,86.07933918396,96.97802916633,77.46584070155
6,Incidence,218,Togo,3,Both,22,All ages,332,Meningitis,1,Number,2021,7150.684678937268,8041.999002847831,6410.62129236217
6,Incidence,218,Togo,3,Both,22,All ages,332,Meningitis,2,Percent,2021,0.0001439056970679,0.0001634073309669,0.000125771336139
6,Incidence,218,Togo,3,Both,22,All ages,332,Meningitis,3,Rate,2021,85.42282437205,96.07055817242001,76.58195003147
6,Incidence,206,Gambia,3,Both,22,All ages,332,Meningitis,1,Number,1990,2423.0002171558745,2791.063001643005,2106.588471174084
6,Incidence,206,Gambia,3,Both,22,All ages,332,Meningitis,2,Percent,1990,0.0004478216121114,0.0005278467175756,0.0003842796777143
6,Incidence,206,Gambia,3,Both,22,All ages,332,Meningitis,3,Rate,1990,246.84157050219,284.33772717726,214.60732976606
6,Incidence,206,Gambia,3,Both,22,All ages,332,Meningitis,1,Number,1991,2487.6768197888846,2838.5676302461097,2169.6898635114712
6,Incidence,206,Gambia,3,Both,22,All ages,332,Meningitis,2,Percent,1991,0.0004437418265972,0.0005163022712385,0.0003811781001617
6,Incidence,206,Gambia,3,Both,22,All ages,332,Meningitis,3,Rate,1991,243.46575332946998,277.80698882469,212.34477602117002
6,Incidence,206,Gambia,3,Both,22,All ages,332,Meningitis,1,Number,1992,2572.946023544745,2929.3397499823554,2245.618683712163
6,Incidence,206,Gambia,3,Both,22,All ages,332,Meningitis,2,Percent,1992,0.000444597713097,0.0005183915117329,0.0003831571631897
6,Incidence,206,Gambia,3,Both,22,All ages,332,Meningitis,3,Rate,1992,242.30005044383,275.86244044481,211.47490672634999
6,Incidence,206,Gambia,3,Both,22,All ages,332,Meningitis,1,Number,1993,2597.075108080904,2964.1246315064154,2266.05578824507
6,Incidence,206,Gambia,3,Both,22,All ages,332,Meningitis,2,Percent,1993,0.000432294658461,0.0005048702561864,0.0003725174468534
6,Incidence,206,Gambia,3,Both,22,All ages,332,Meningitis,3,Rate,1993,235.80997036646,269.13743824472,205.75398324528
6,Incidence,206,Gambia,3,Both,22,All ages,332,Meningitis,1,Number,1994,2481.815763711323,2847.9855094727536,2162.314573224819
6,Incidence,206,Gambia,3,Both,22,All ages,332,Meningitis,2,Percent,1994,0.0003985125313871,0.0004655022236433,0.0003420147392307
6,Incidence,206,Gambia,3,Both,22,All ages,332,Meningitis,3,Rate,1994,217.80472734983002,249.93986921067,189.76522872976
6,Incidence,206,Gambia,3,Both,22,All ages,332,Meningitis,1,Number,1995,2538.6317231669664,2915.345861770276,2206.627222436517
6,Incidence,206,Gambia,3,Both,22,All ages,332,Meningitis,2,Percent,1995,0.000401700617039,0.0004674785274766,0.0003442943639313
6,Incidence,206,Gambia,3,Both,22,All ages,332,Meningitis,3,Rate,1995,215.80666507975,247.83077523266,187.58327866247
6,Incidence,206,Gambia,3,Both,22,All ages,332,Meningitis,1,Number,1996,2483.414081349288,2854.462488702979,2161.038265748187
6,Incidence,206,Gambia,3,Both,22,All ages,332,Meningitis,2,Percent,1996,0.000378882501342,0.0004411454672949,0.0003257164252064
6,Incidence,206,Gambia,3,Both,22,All ages,332,Meningitis,3,Rate,1996,204.86715166186997,235.47647731324003,178.27303044669
6,Incidence,206,Gambia,3,Both,22,All ages,332,Meningitis,1,Number,1997,2855.236074114612,3281.9027475599837,2481.269326314161
6,Incidence,206,Gambia,3,Both,22,All ages,332,Meningitis,2,Percent,1997,0.0004239275580527,0.0004929447308544,0.0003614272429301
6,Incidence,206,Gambia,3,Both,22,All ages,332,Meningitis,3,Rate,1997,228.92966736421002,263.13932887444,198.94542754762
6,Incidence,206,Gambia,3,Both,22,All ages,332,Meningitis,1,Number,1998,2570.54903872748,2955.0855978453,2240.5028443955566
6,Incidence,206,Gambia,3,Both,22,All ages,332,Meningitis,2,Percent,1998,0.0003754004168021,0.0004352390400129,0.0003210836852757
6,Incidence,206,Gambia,3,Both,22,All ages,332,Meningitis,3,Rate,1998,200.54702229362,230.54748551460997,174.79774441741
6,Incidence,206,Gambia,3,Both,22,All ages,332,Meningitis,1,Number,1999,2650.603454049807,3054.530862344136,2305.3671865965816
6,Incidence,206,Gambia,3,Both,22,All ages,332,Meningitis,2,Percent,1999,0.000381991731775,0.0004444670736386,0.0003244832570953
6,Incidence,206,Gambia,3,Both,22,All ages,332,Meningitis,3,Rate,1999,201.36482811653997,232.05096225648,175.13742637182
6,Incidence,206,Gambia,3,Both,22,All ages,332,Meningitis,1,Number,2000,2648.205666969602,3056.9686729828463,2298.5695564345406
6,Incidence,206,Gambia,3,Both,22,All ages,332,Meningitis,2,Percent,2000,0.0003688392216308,0.0004295448993403,0.000314494046574
6,Incidence,206,Gambia,3,Both,22,All ages,332,Meningitis,3,Rate,2000,196.0034284357,226.25747992256,170.12557565993
6,Incidence,206,Gambia,3,Both,22,All ages,332,Meningitis,1,Number,2001,2658.68096761621,3052.9876162784494,2312.667209547989
6,Incidence,206,Gambia,3,Both,22,All ages,332,Meningitis,2,Percent,2001,0.0003602289907473,0.0004185365068824,0.0003077381069996
6,Incidence,206,Gambia,3,Both,22,All ages,332,Meningitis,3,Rate,2001,191.74863553029002,220.18670793628,166.79352929813
6,Incidence,206,Gambia,3,Both,22,All ages,332,Meningitis,1,Number,2002,2664.455267300609,3048.242104881268,2329.06054951853
6,Incidence,206,Gambia,3,Both,22,All ages,332,Meningitis,2,Percent,2002,0.0003512775386929,0.0004069938968303,0.0003032723776359
6,Incidence,206,Gambia,3,Both,22,All ages,332,Meningitis,3,Rate,2002,187.23160017439,214.20034857409001,163.66337199993
6,Incidence,206,Gambia,3,Both,22,All ages,332,Meningitis,1,Number,2003,2696.082245469789,3084.053066851829,2357.5288186322405
6,Incidence,206,Gambia,3,Both,22,All ages,332,Meningitis,2,Percent,2003,0.0003493978643972,0.0004062123373094,0.0003028327824212
6,Incidence,206,Gambia,3,Both,22,All ages,332,Meningitis,3,Rate,2003,184.51228020262,211.06391119442998,161.34263659802
6,Incidence,206,Gambia,3,Both,22,All ages,332,Meningitis,1,Number,2004,2833.678420089491,3262.577891052638,2470.8313713889997
6,Incidence,206,Gambia,3,Both,22,All ages,332,Meningitis,2,Percent,2004,0.0003630164444226,0.0004226233972503,0.000313428544211
6,Incidence,206,Gambia,3,Both,22,All ages,332,Meningitis,3,Rate,2004,188.73426819907,217.30068110229,164.56720967924
6,Incidence,206,Gambia,3,Both,22,All ages,332,Meningitis,1,Number,2005,2865.1550109308564,3309.837236943093,2492.8507349580545
6,Incidence,206,Gambia,3,Both,22,All ages,332,Meningitis,2,Percent,2005,0.0003598355127944,0.0004194513818028,0.000310772285173
6,Incidence,206,Gambia,3,Both,22,All ages,332,Meningitis,3,Rate,2005,185.59974792066,214.40548748371998,161.4825258134
6,Incidence,206,Gambia,3,Both,22,All ages,332,Meningitis,1,Number,2006,2845.987677082455,3254.781784894497,2495.867447401469
6,Incidence,206,Gambia,3,Both,22,All ages,332,Meningitis,2,Percent,2006,0.0003481444064633,0.0004028861549927,0.0002998571711005
6,Incidence,206,Gambia,3,Both,22,All ages,332,Meningitis,3,Rate,2006,179.20348344963,204.94404751584997,157.15744112476
6,Incidence,206,Gambia,3,Both,22,All ages,332,Meningitis,1,Number,2007,2821.651120311119,3213.800570939979,2465.0531237880487
6,Incidence,206,Gambia,3,Both,22,All ages,332,Meningitis,2,Percent,2007,0.0003377768204841,0.000388453359049,0.0002918785116863
6,Incidence,206,Gambia,3,Both,22,All ages,332,Meningitis,3,Rate,2007,172.63176621515,196.62390748132,150.81470260816
6,Incidence,206,Gambia,3,Both,22,All ages,332,Meningitis,1,Number,2008,2752.3361716975355,3111.3371264597863,2423.590699647759
6,Incidence,206,Gambia,3,Both,22,All ages,332,Meningitis,2,Percent,2008,0.0003201956592664,0.0003681255799859,0.0002762553195563
6,Incidence,206,Gambia,3,Both,22,All ages,332,Meningitis,3,Rate,2008,163.56432314955,184.89883481987002,144.02781769748
6,Incidence,206,Gambia,3,Both,22,All ages,332,Meningitis,1,Number,2009,2665.5380961894,3012.0069095505464,2340.3988462813795
6,Incidence,206,Gambia,3,Both,22,All ages,332,Meningitis,2,Percent,2009,0.0003030644373172,0.0003471859394278,0.0002612656669198
6,Incidence,206,Gambia,3,Both,22,All ages,332,Meningitis,3,Rate,2009,153.82919546997,173.82403962207,135.06528836222
6,Incidence,206,Gambia,3,Both,22,All ages,332,Meningitis,1,Number,2010,2569.5894697155427,2904.996281982274,2241.5996403769163
6,Incidence,206,Gambia,3,Both,22,All ages,332,Meningitis,2,Percent,2010,0.0002838687326388,0.0003268047041428,0.0002438373747037
6,Incidence,206,Gambia,3,Both,22,All ages,332,Meningitis,3,Rate,2010,143.99184705896,162.78700752472,125.61231137840001
6,Incidence,206,Gambia,3,Both,22,All ages,332,Meningitis,1,Number,2011,2456.170204699469,2772.535847173098,2155.1743682857546
6,Incidence,206,Gambia,3,Both,22,All ages,332,Meningitis,2,Percent,2011,0.0002586557427283,0.0002960607137175,0.0002222891717078
6,Incidence,206,Gambia,3,Both,22,All ages,332,Meningitis,3,Rate,2011,133.6519268301,150.86688922096,117.27330883874001
6,Incidence,206,Gambia,3,Both,22,All ages,332,Meningitis,1,Number,2012,2338.492998780492,2636.669957718741,2057.132216855716
6,Incidence,206,Gambia,3,Both,22,All ages,332,Meningitis,2,Percent,2012,0.0002407440630585,0.0002738231387868,0.0002076786614868
6,Incidence,206,Gambia,3,Both,22,All ages,332,Meningitis,3,Rate,2012,123.59834708716,139.35814593345,108.72734785851002
6,Incidence,206,Gambia,3,Both,22,All ages,332,Meningitis,1,Number,2013,2245.572223451671,2531.9621542162386,1987.049779445568
6,Incidence,206,Gambia,3,Both,22,All ages,332,Meningitis,2,Percent,2013,0.0002295868356338,0.0002596723078948,0.0001998218146507
6,Incidence,206,Gambia,3,Both,22,All ages,332,Meningitis,3,Rate,2013,115.34043145976999,130.05041844445,102.06181591479
6,Incidence,206,Gambia,3,Both,22,All ages,332,Meningitis,1,Number,2014,2221.060296971514,2499.5251972906053,1974.6371254638204
6,Incidence,206,Gambia,3,Both,22,All ages,332,Meningitis,2,Percent,2014,0.0002287016050061,0.0002593215166928,0.0002004341311996
6,Incidence,206,Gambia,3,Both,22,All ages,332,Meningitis,3,Rate,2014,110.93832814238002,124.84719434014,98.62989387795
6,Incidence,206,Gambia,3,Both,22,All ages,332,Meningitis,1,Number,2015,2115.882122304079,2380.555712605874,1876.6262376876512
6,Incidence,206,Gambia,3,Both,22,All ages,332,Meningitis,2,Percent,2015,0.000211114386934,0.0002395412099828,0.0001847515004519
6,Incidence,206,Gambia,3,Both,22,All ages,332,Meningitis,3,Rate,2015,102.84103779130999,115.70532092677001,91.21216526941001
6,Incidence,206,Gambia,3,Both,22,All ages,332,Meningitis,1,Number,2016,2164.077117059903,2435.574512776496,1915.1378756303768
6,Incidence,206,Gambia,3,Both,22,All ages,332,Meningitis,2,Percent,2016,0.000216030092869,0.0002450663504526,0.0001884441634483
6,Incidence,206,Gambia,3,Both,22,All ages,332,Meningitis,3,Rate,2016,102.41458629193,115.26315496929,90.63357847947
6,Incidence,206,Gambia,3,Both,22,All ages,332,Meningitis,1,Number,2017,2232.7987852472256,2523.5388471438782,1974.7311818904257
6,Incidence,206,Gambia,3,Both,22,All ages,332,Meningitis,2,Percent,2017,0.0002221963020408,0.0002513628494033,0.0001936930448387
6,Incidence,206,Gambia,3,Both,22,All ages,332,Meningitis,3,Rate,2017,102.94145660928,116.34580171376,91.0434498705
6,Incidence,206,Gambia,3,Both,22,All ages,332,Meningitis,1,Number,2018,2252.566964836389,2550.054853437735,1990.2663573348063
6,Incidence,206,Gambia,3,Both,22,All ages,332,Meningitis,2,Percent,2018,0.0002191575921827,0.0002496497063548,0.000190869911413
6,Incidence,206,Gambia,3,Both,22,All ages,332,Meningitis,3,Rate,2018,101.22291135357001,114.5910334324,89.43598934167
6,Incidence,206,Gambia,3,Both,22,All ages,332,Meningitis,1,Number,2019,2303.7051230262687,2610.201962009985,2034.489982550376
6,Incidence,206,Gambia,3,Both,22,All ages,332,Meningitis,2,Percent,2019,0.000220802998345,0.0002532511308714,0.0001925760938463
6,Incidence,206,Gambia,3,Both,22,All ages,332,Meningitis,3,Rate,2019,100.94101196784001,114.37072603268,89.14486304015
6,Incidence,206,Gambia,3,Both,22,All ages,332,Meningitis,1,Number,2020,2336.7694373381987,2635.521208560194,2061.264410086591
6,Incidence,206,Gambia,3,Both,22,All ages,332,Meningitis,2,Percent,2020,0.0002015523047782,0.000231304405249,0.0001742232294266
6,Incidence,206,Gambia,3,Both,22,All ages,332,Meningitis,3,Rate,2020,99.92743068796,112.70297303916,88.14599043332001
6,Incidence,206,Gambia,3,Both,22,All ages,332,Meningitis,1,Number,2021,2359.086305803284,2658.9971929847734,2088.3738800318165
6,Incidence,206,Gambia,3,Both,22,All ages,332,Meningitis,2,Percent,2021,0.0001948470580936,0.0002214776951195,0.0001688784976815
6,Incidence,206,Gambia,3,Both,22,All ages,332,Meningitis,3,Rate,2021,98.53525606049,111.06205340192001,87.22803168021
6,Incidence,208,Guinea,3,Both,22,All ages,332,Meningitis,1,Number,1990,23073.71286156645,27036.22137517117,19446.05135745895
6,Incidence,208,Guinea,3,Both,22,All ages,332,Meningitis,2,Percent,1990,0.0006041808286376,0.0007126564565816,0.0005052654841567
6,Incidence,208,Guinea,3,Both,22,All ages,332,Meningitis,3,Rate,1990,384.94456388862,451.05209156854005,324.42337321539003
6,Incidence,208,Guinea,3,Both,22,All ages,332,Meningitis,1,Number,1991,23062.02805108099,27039.20522508634,19609.1469255304
6,Incidence,208,Guinea,3,Both,22,All ages,332,Meningitis,2,Percent,1991,0.0005843269188463,0.0006854404539954,0.0004935227561295
6,Incidence,208,Guinea,3,Both,22,All ages,332,Meningitis,3,Rate,1991,370.74980803899,434.68770936031,315.24059559488
6,Incidence,208,Guinea,3,Both,22,All ages,332,Meningitis,1,Number,1992,23618.308810907238,27527.325131777987,20149.158534143768
6,Incidence,208,Guinea,3,Both,22,All ages,332,Meningitis,2,Percent,1992,0.0005751523832394,0.0006721279273389,0.0004851141589707
6,Incidence,208,Guinea,3,Both,22,All ages,332,Meningitis,3,Rate,1992,363.60036527147,423.7790924403,310.19331068887
6,Incidence,208,Guinea,3,Both,22,All ages,332,Meningitis,1,Number,1993,24326.633303687704,28291.441215383027,20696.91637511736
6,Incidence,208,Guinea,3,Both,22,All ages,332,Meningitis,2,Percent,1993,0.000574169759223,0.0006698829057526,0.0004860157640604
6,Incidence,208,Guinea,3,Both,22,All ages,332,Meningitis,3,Rate,1993,361.52654018763,420.44892656677996,307.58405720345
6,Incidence,208,Guinea,3,Both,22,All ages,332,Meningitis,1,Number,1994,24531.310398878784,28743.27801478468,20971.64160767841
6,Incidence,208,Guinea,3,Both,22,All ages,332,Meningitis,2,Percent,1994,0.0005631616702957,0.000658723873623,0.0004791304897409
6,Incidence,208,Guinea,3,Both,22,All ages,332,Meningitis,3,Rate,1994,353.12276392754995,413.75310213281,301.88212240549
6,Incidence,208,Guinea,3,Both,22,All ages,332,Meningitis,1,Number,1995,24381.27335959354,28717.530027903704,20756.15450505947
6,Incidence,208,Guinea,3,Both,22,All ages,332,Meningitis,2,Percent,1995,0.0005429742708628,0.0006384649736515,0.0004591317765505
6,Incidence,208,Guinea,3,Both,22,All ages,332,Meningitis,3,Rate,1995,339.22446696061996,399.55619513645996,288.78702700573
6,Incidence,208,Guinea,3,Both,22,All ages,332,Meningitis,1,Number,1996,24619.34529041112,28798.039996827814,21043.707760924663
6,Incidence,208,Guinea,3,Both,22,All ages,332,Meningitis,2,Percent,1996,0.0005309690915823,0.0006206660687414,0.0004539770658262
6,Incidence,208,Guinea,3,Both,22,All ages,332,Meningitis,3,Rate,1996,330.79126710499,386.93718408511995,282.74816704953
6,Incidence,208,Guinea,3,Both,22,All ages,332,Meningitis,1,Number,1997,24759.697682525977,28832.30434704693,21214.753938164547
6,Incidence,208,Guinea,3,Both,22,All ages,332,Meningitis,2,Percent,1997,0.000523340942887,0.0006106857575091,0.0004461516744697
6,Incidence,208,Guinea,3,Both,22,All ages,332,Meningitis,3,Rate,1997,325.10771175789,378.58315602903997,278.56075614408
6,Incidence,208,Guinea,3,Both,22,All ages,332,Meningitis,1,Number,1998,24778.69501707719,28675.430003613637,21409.4972090101
6,Incidence,208,Guinea,3,Both,22,All ages,332,Meningitis,2,Percent,1998,0.0005186760947968,0.0006027784890257,0.0004412880933725
6,Incidence,208,Guinea,3,Both,22,All ages,332,Meningitis,3,Rate,1998,321.34859380474,371.88435880327,277.65432430724996
6,Incidence,208,Guinea,3,Both,22,All ages,332,Meningitis,1,Number,1999,25075.676234712904,28889.13661400268,21577.107095282237
6,Incidence,208,Guinea,3,Both,22,All ages,332,Meningitis,2,Percent,1999,0.0005148605973551,0.0005952584685827,0.0004368357291134
6,Incidence,208,Guinea,3,Both,22,All ages,332,Meningitis,3,Rate,1999,317.99838394375,366.35896359459,273.63111256726
6,Incidence,208,Guinea,3,Both,22,All ages,332,Meningitis,1,Number,2000,25001.86778678307,28685.20808654805,21423.98049769309
6,Incidence,208,Guinea,3,Both,22,All ages,332,Meningitis,2,Percent,2000,0.0005007578035129,0.0005793906474016,0.0004240574323906
6,Incidence,208,Guinea,3,Both,22,All ages,332,Meningitis,3,Rate,2000,308.80455201885997,354.29844315139,264.61313836514
6,Incidence,208,Guinea,3,Both,22,All ages,332,Meningitis,1,Number,2001,24809.488147050903,28409.937297635966,21392.313599879417
6,Incidence,208,Guinea,3,Both,22,All ages,332,Meningitis,2,Percent,2001,0.0004934471090978,0.0005706546837687,0.0004179459716087
6,Incidence,208,Guinea,3,Both,22,All ages,332,Meningitis,3,Rate,2001,302.30088144176,346.17195791689,260.66298582991
6,Incidence,208,Guinea,3,Both,22,All ages,332,Meningitis,1,Number,2002,24760.175091453995,28362.48841043302,21362.441192148155
6,Incidence,208,Guinea,3,Both,22,All ages,332,Meningitis,2,Percent,2002,0.0004944116433176,0.0005729344089048,0.0004195895924681
6,Incidence,208,Guinea,3,Both,22,All ages,332,Meningitis,3,Rate,2002,299.46633151368997,343.03514920633,258.37183591636
6,Incidence,208,Guinea,3,Both,22,All ages,332,Meningitis,1,Number,2003,25268.12196381938,29158.877689179863,21718.292810207
6,Incidence,208,Guinea,3,Both,22,All ages,332,Meningitis,2,Percent,2003,0.0005013545808247,0.0005844457705101,0.0004249732237075
6,Incidence,208,Guinea,3,Both,22,All ages,332,Meningitis,3,Rate,2003,300.11372655939,346.32488548692004,257.95180975902997
6,Incidence,208,Guinea,3,Both,22,All ages,332,Meningitis,1,Number,2004,26524.69537904895,30680.82952337063,22583.880613346984
6,Incidence,208,Guinea,3,Both,22,All ages,332,Meningitis,2,Percent,2004,0.0005204923822969,0.0006092559796388,0.0004384724536908
6,Incidence,208,Guinea,3,Both,22,All ages,332,Meningitis,3,Rate,2004,307.26478903037,355.40987280183003,261.61398700277
6,Incidence,208,Guinea,3,Both,22,All ages,332,Meningitis,1,Number,2005,26732.709052646536,30998.131054077872,22785.90667647091
6,Incidence,208,Guinea,3,Both,22,All ages,332,Meningitis,2,Percent,2005,0.000518246404974,0.0006082541102845,0.0004400608993373
6,Incidence,208,Guinea,3,Both,22,All ages,332,Meningitis,3,Rate,2005,303.12722496695,351.49364873868,258.37368916079
6,Incidence,208,Guinea,3,Both,22,All ages,332,Meningitis,1,Number,2006,26925.33917160857,31163.08987831076,23033.188356837643
6,Incidence,208,Guinea,3,Both,22,All ages,332,Meningitis,2,Percent,2006,0.0005146991019708,0.0006040696181412,0.0004393609713244
6,Incidence,208,Guinea,3,Both,22,All ages,332,Meningitis,3,Rate,2006,299.43280647174,346.56021976625,256.14875963949
6,Incidence,208,Guinea,3,Both,22,All ages,332,Meningitis,1,Number,2007,26820.430437114035,30853.789466923863,23047.01867854251
6,Incidence,208,Guinea,3,Both,22,All ages,332,Meningitis,2,Percent,2007,0.0005027930765316,0.0005893352010929,0.0004295100689591
6,Incidence,208,Guinea,3,Both,22,All ages,332,Meningitis,3,Rate,2007,291.70675088399,335.57472908416,250.66603431454
6,Incidence,208,Guinea,3,Both,22,All ages,332,Meningitis,1,Number,2008,25309.855343661548,28851.063652146644,21805.22205988968
6,Incidence,208,Guinea,3,Both,22,All ages,332,Meningitis,2,Percent,2008,0.0004627272736842,0.0005385521950715,0.0003939046793523
6,Incidence,208,Guinea,3,Both,22,All ages,332,Meningitis,3,Rate,2008,268.35397440082,305.90050759352,231.19523691506998
6,Incidence,208,Guinea,3,Both,22,All ages,332,Meningitis,1,Number,2009,24024.31011912684,27338.662974062565,20730.5137563479
6,Incidence,208,Guinea,3,Both,22,All ages,332,Meningitis,2,Percent,2009,0.0004268342685861,0.0004950829238505,0.0003660803771002
6,Incidence,208,Guinea,3,Both,22,All ages,332,Meningitis,3,Rate,2009,248.05234642195998,282.27322512609004,214.04371464972002
6,Incidence,208,Guinea,3,Both,22,All ages,332,Meningitis,1,Number,2010,23873.98238718543,27314.110478993207,20465.697295937105
6,Incidence,208,Guinea,3,Both,22,All ages,332,Meningitis,2,Percent,2010,0.0004149901361663,0.0004807700940847,0.000355353461123
6,Incidence,208,Guinea,3,Both,22,All ages,332,Meningitis,3,Rate,2010,239.91976890396,274.49107432763003,205.66846729079
6,Incidence,208,Guinea,3,Both,22,All ages,332,Meningitis,1,Number,2011,23412.049730550563,26652.19597352017,20238.62784606104
6,Incidence,208,Guinea,3,Both,22,All ages,332,Meningitis,2,Percent,2011,0.0003993166593028,0.0004574499661297,0.0003445313852947
6,Incidence,208,Guinea,3,Both,22,All ages,332,Meningitis,3,Rate,2011,228.83474318529,260.50467563144997,197.81698992091
6,Incidence,208,Guinea,3,Both,22,All ages,332,Meningitis,1,Number,2012,23017.01356605609,26014.22951899256,20173.957666387974
6,Incidence,208,Guinea,3,Both,22,All ages,332,Meningitis,2,Percent,2012,0.0003873874305173,0.0004417643080639,0.0003359045277867
6,Incidence,208,Guinea,3,Both,22,All ages,332,Meningitis,3,Rate,2012,218.77041759872,247.25813533741,191.74794899558
6,Incidence,208,Guinea,3,Both,22,All ages,332,Meningitis,1,Number,2013,23382.038175898877,26317.442818906027,20633.60377699034
6,Incidence,208,Guinea,3,Both,22,All ages,332,Meningitis,2,Percent,2013,0.0003913677351664,0.000451253151247,0.0003417258096714
6,Incidence,208,Guinea,3,Both,22,All ages,332,Meningitis,3,Rate,2013,216.16453080396002,243.30204390705,190.75553831938
6,Incidence,208,Guinea,3,Both,22,All ages,332,Meningitis,1,Number,2014,23603.51912365212,26491.304571497152,20978.53765567881
6,Incidence,208,Guinea,3,Both,22,All ages,332,Meningitis,2,Percent,2014,0.0003919678450669,0.0004503901195876,0.0003435763272681
6,Incidence,208,Guinea,3,Both,22,All ages,332,Meningitis,3,Rate,2014,212.28307094907998,238.25495928908,188.67476388747
6,Incidence,208,Guinea,3,Both,22,All ages,332,Meningitis,1,Number,2015,23760.441626377287,26677.86228055045,21168.02819544843
6,Incidence,208,Guinea,3,Both,22,All ages,332,Meningitis,2,Percent,2015,0.0003890227238895,0.0004454659072954,0.0003394200630796
6,Incidence,208,Guinea,3,Both,22,All ages,332,Meningitis,3,Rate,2015,207.89502925304998,233.42137517625,185.21237568399
6,Incidence,208,Guinea,3,Both,22,All ages,332,Meningitis,1,Number,2016,24109.78042814807,26928.90372897212,21483.856199671787
6,Incidence,208,Guinea,3,Both,22,All ages,332,Meningitis,2,Percent,2016,0.0003873841712569,0.0004433795858458,0.0003419154492163
6,Incidence,208,Guinea,3,Both,22,All ages,332,Meningitis,3,Rate,2016,205.23926699365,229.23761080064,182.88556844216
6,Incidence,208,Guinea,3,Both,22,All ages,332,Meningitis,1,Number,2017,24125.86927785841,26920.753660366085,21527.36985140672
6,Incidence,208,Guinea,3,Both,22,All ages,332,Meningitis,2,Percent,2017,0.0003781950123532,0.0004317247437584,0.0003362438310227
6,Incidence,208,Guinea,3,Both,22,All ages,332,Meningitis,3,Rate,2017,199.89546152998,223.05254230207998,178.36553296435
6,Incidence,208,Guinea,3,Both,22,All ages,332,Meningitis,1,Number,2018,24011.925304681183,26718.358662008504,21498.876316758564
6,Incidence,208,Guinea,3,Both,22,All ages,332,Meningitis,2,Percent,2018,0.0003662363693339,0.000417464806849,0.0003264624809094
6,Incidence,208,Guinea,3,Both,22,All ages,332,Meningitis,3,Rate,2018,193.67721852868002,215.50697512376,173.40727632991002
6,Incidence,208,Guinea,3,Both,22,All ages,332,Meningitis,1,Number,2019,23818.15155484342,26588.513574945755,21333.20545614513
6,Incidence,208,Guinea,3,Both,22,All ages,332,Meningitis,2,Percent,2019,0.0003544027782764,0.0004025228578602,0.0003150741080927
6,Incidence,208,Guinea,3,Both,22,All ages,332,Meningitis,3,Rate,2019,186.96470333954,208.71113954131,167.45868881578
6,Incidence,208,Guinea,3,Both,22,All ages,332,Meningitis,1,Number,2020,23841.879587139527,26982.27517518464,21223.228450111703
6,Incidence,208,Guinea,3,Both,22,All ages,332,Meningitis,2,Percent,2020,0.0003234141063754,0.0003691866951029,0.0002859846969633
6,Incidence,208,Guinea,3,Both,22,All ages,332,Meningitis,3,Rate,2020,182.2116186578,206.21209904074,162.19857142157002
6,Incidence,208,Guinea,3,Both,22,All ages,332,Meningitis,1,Number,2021,23654.76207894836,26463.6461487599,20995.53095563021
6,Incidence,208,Guinea,3,Both,22,All ages,332,Meningitis,2,Percent,2021,0.0003031141509349,0.000347457441021,0.0002613450535876
6,Incidence,208,Guinea,3,Both,22,All ages,332,Meningitis,3,Rate,2021,176.13701379854,197.05239863782,156.33596792464002
